<!DOCTYPE qgis_style>
<qgis_style version="1">
  <symbols>
    <symbol clip_to_extent="1" tags="black,cartographic" alpha="1" force_rhr="0" name="BORDER" type="line">
      <layer enabled="1" class="SimpleLine" locked="0" pass="0">
        <prop v="flat" k="capstyle"/>
        <prop v="4;2;4;2;1;2;4;2;4;1e-06" k="customdash"/>
        <prop v="3x:0,0,0,0,0,0" k="customdash_map_unit_scale"/>
        <prop v="Point" k="customdash_unit"/>
        <prop v="0" k="draw_inside_polygon"/>
        <prop v="miter" k="joinstyle"/>
        <prop v="0,0,0,255" k="line_color"/>
        <prop v="solid" k="line_style"/>
        <prop v="1" k="line_width"/>
        <prop v="Point" k="line_width_unit"/>
        <prop v="0" k="offset"/>
        <prop v="3x:0,0,0,0,0,0" k="offset_map_unit_scale"/>
        <prop v="Point" k="offset_unit"/>
        <prop v="0" k="ring_filter"/>
        <prop v="1" k="use_custom_dash"/>
        <prop v="3x:0,0,0,0,0,0" k="width_map_unit_scale"/>
        <data_defined_properties>
          <Option type="Map">
            <Option name="name" value="" type="QString"/>
            <Option name="properties"/>
            <Option name="type" value="collection" type="QString"/>
          </Option>
        </data_defined_properties>
      </layer>
    </symbol>
    <symbol clip_to_extent="1" tags="black,cartographic" alpha="1" force_rhr="0" name="BORDER2" type="line">
      <layer enabled="1" class="SimpleLine" locked="0" pass="0">
        <prop v="flat" k="capstyle"/>
        <prop v="2;1;2;1;1;1;2;1;2;1e-06" k="customdash"/>
        <prop v="3x:0,0,0,0,0,0" k="customdash_map_unit_scale"/>
        <prop v="Point" k="customdash_unit"/>
        <prop v="0" k="draw_inside_polygon"/>
        <prop v="miter" k="joinstyle"/>
        <prop v="0,0,0,255" k="line_color"/>
        <prop v="solid" k="line_style"/>
        <prop v="1" k="line_width"/>
        <prop v="Point" k="line_width_unit"/>
        <prop v="0" k="offset"/>
        <prop v="3x:0,0,0,0,0,0" k="offset_map_unit_scale"/>
        <prop v="Point" k="offset_unit"/>
        <prop v="0" k="ring_filter"/>
        <prop v="1" k="use_custom_dash"/>
        <prop v="3x:0,0,0,0,0,0" k="width_map_unit_scale"/>
        <data_defined_properties>
          <Option type="Map">
            <Option name="name" value="" type="QString"/>
            <Option name="properties"/>
            <Option name="type" value="collection" type="QString"/>
          </Option>
        </data_defined_properties>
      </layer>
    </symbol>
    <symbol clip_to_extent="1" tags="black,cartographic" alpha="1" force_rhr="0" name="BORDERX2" type="line">
      <layer enabled="1" class="SimpleLine" locked="0" pass="0">
        <prop v="flat" k="capstyle"/>
        <prop v="8;4;2;4;8;4;2;4;8;1e-06" k="customdash"/>
        <prop v="3x:0,0,0,0,0,0" k="customdash_map_unit_scale"/>
        <prop v="Point" k="customdash_unit"/>
        <prop v="0" k="draw_inside_polygon"/>
        <prop v="miter" k="joinstyle"/>
        <prop v="0,0,0,255" k="line_color"/>
        <prop v="solid" k="line_style"/>
        <prop v="1" k="line_width"/>
        <prop v="Point" k="line_width_unit"/>
        <prop v="0" k="offset"/>
        <prop v="3x:0,0,0,0,0,0" k="offset_map_unit_scale"/>
        <prop v="Point" k="offset_unit"/>
        <prop v="0" k="ring_filter"/>
        <prop v="1" k="use_custom_dash"/>
        <prop v="3x:0,0,0,0,0,0" k="width_map_unit_scale"/>
        <data_defined_properties>
          <Option type="Map">
            <Option name="name" value="" type="QString"/>
            <Option name="properties"/>
            <Option name="type" value="collection" type="QString"/>
          </Option>
        </data_defined_properties>
      </layer>
    </symbol>
    <symbol clip_to_extent="1" tags="black,cartographic" alpha="1" force_rhr="0" name="Border_1" type="line">
      <layer enabled="1" class="SimpleLine" locked="0" pass="0">
        <prop v="flat" k="capstyle"/>
        <prop v="4;2;4;2;1;2;4;2;4;1e-06" k="customdash"/>
        <prop v="3x:0,0,0,0,0,0" k="customdash_map_unit_scale"/>
        <prop v="Point" k="customdash_unit"/>
        <prop v="0" k="draw_inside_polygon"/>
        <prop v="miter" k="joinstyle"/>
        <prop v="0,0,0,255" k="line_color"/>
        <prop v="solid" k="line_style"/>
        <prop v="1" k="line_width"/>
        <prop v="Point" k="line_width_unit"/>
        <prop v="0" k="offset"/>
        <prop v="3x:0,0,0,0,0,0" k="offset_map_unit_scale"/>
        <prop v="Point" k="offset_unit"/>
        <prop v="0" k="ring_filter"/>
        <prop v="1" k="use_custom_dash"/>
        <prop v="3x:0,0,0,0,0,0" k="width_map_unit_scale"/>
        <data_defined_properties>
          <Option type="Map">
            <Option name="name" value="" type="QString"/>
            <Option name="properties"/>
            <Option name="type" value="collection" type="QString"/>
          </Option>
        </data_defined_properties>
      </layer>
    </symbol>
    <symbol clip_to_extent="1" tags="black,cartographic" alpha="1" force_rhr="0" name="CENTER" type="line">
      <layer enabled="1" class="SimpleLine" locked="0" pass="0">
        <prop v="flat" k="capstyle"/>
        <prop v="6;2;3;2;6;1e-06" k="customdash"/>
        <prop v="3x:0,0,0,0,0,0" k="customdash_map_unit_scale"/>
        <prop v="Point" k="customdash_unit"/>
        <prop v="0" k="draw_inside_polygon"/>
        <prop v="miter" k="joinstyle"/>
        <prop v="0,0,0,255" k="line_color"/>
        <prop v="solid" k="line_style"/>
        <prop v="1" k="line_width"/>
        <prop v="Point" k="line_width_unit"/>
        <prop v="0" k="offset"/>
        <prop v="3x:0,0,0,0,0,0" k="offset_map_unit_scale"/>
        <prop v="Point" k="offset_unit"/>
        <prop v="0" k="ring_filter"/>
        <prop v="1" k="use_custom_dash"/>
        <prop v="3x:0,0,0,0,0,0" k="width_map_unit_scale"/>
        <data_defined_properties>
          <Option type="Map">
            <Option name="name" value="" type="QString"/>
            <Option name="properties"/>
            <Option name="type" value="collection" type="QString"/>
          </Option>
        </data_defined_properties>
      </layer>
    </symbol>
    <symbol clip_to_extent="1" tags="black,cartographic" alpha="1" force_rhr="0" name="CENTER2" type="line">
      <layer enabled="1" class="SimpleLine" locked="0" pass="0">
        <prop v="flat" k="capstyle"/>
        <prop v="3;1;2;1;3;1e-06" k="customdash"/>
        <prop v="3x:0,0,0,0,0,0" k="customdash_map_unit_scale"/>
        <prop v="Point" k="customdash_unit"/>
        <prop v="0" k="draw_inside_polygon"/>
        <prop v="miter" k="joinstyle"/>
        <prop v="0,0,0,255" k="line_color"/>
        <prop v="solid" k="line_style"/>
        <prop v="1" k="line_width"/>
        <prop v="Point" k="line_width_unit"/>
        <prop v="0" k="offset"/>
        <prop v="3x:0,0,0,0,0,0" k="offset_map_unit_scale"/>
        <prop v="Point" k="offset_unit"/>
        <prop v="0" k="ring_filter"/>
        <prop v="1" k="use_custom_dash"/>
        <prop v="3x:0,0,0,0,0,0" k="width_map_unit_scale"/>
        <data_defined_properties>
          <Option type="Map">
            <Option name="name" value="" type="QString"/>
            <Option name="properties"/>
            <Option name="type" value="collection" type="QString"/>
          </Option>
        </data_defined_properties>
      </layer>
    </symbol>
    <symbol clip_to_extent="1" tags="black,cartographic" alpha="1" force_rhr="0" name="CENTERX2" type="line">
      <layer enabled="1" class="SimpleLine" locked="0" pass="0">
        <prop v="flat" k="capstyle"/>
        <prop v="12;4;6;4;12;1e-06" k="customdash"/>
        <prop v="3x:0,0,0,0,0,0" k="customdash_map_unit_scale"/>
        <prop v="Point" k="customdash_unit"/>
        <prop v="0" k="draw_inside_polygon"/>
        <prop v="miter" k="joinstyle"/>
        <prop v="0,0,0,255" k="line_color"/>
        <prop v="solid" k="line_style"/>
        <prop v="1" k="line_width"/>
        <prop v="Point" k="line_width_unit"/>
        <prop v="0" k="offset"/>
        <prop v="3x:0,0,0,0,0,0" k="offset_map_unit_scale"/>
        <prop v="Point" k="offset_unit"/>
        <prop v="0" k="ring_filter"/>
        <prop v="1" k="use_custom_dash"/>
        <prop v="3x:0,0,0,0,0,0" k="width_map_unit_scale"/>
        <data_defined_properties>
          <Option type="Map">
            <Option name="name" value="" type="QString"/>
            <Option name="properties"/>
            <Option name="type" value="collection" type="QString"/>
          </Option>
        </data_defined_properties>
      </layer>
    </symbol>
    <symbol clip_to_extent="1" tags="black,cartographic" alpha="1" force_rhr="0" name="Center_1" type="line">
      <layer enabled="1" class="SimpleLine" locked="0" pass="0">
        <prop v="flat" k="capstyle"/>
        <prop v="6;2;3;2;6;1e-06" k="customdash"/>
        <prop v="3x:0,0,0,0,0,0" k="customdash_map_unit_scale"/>
        <prop v="Point" k="customdash_unit"/>
        <prop v="0" k="draw_inside_polygon"/>
        <prop v="miter" k="joinstyle"/>
        <prop v="0,0,0,255" k="line_color"/>
        <prop v="solid" k="line_style"/>
        <prop v="1" k="line_width"/>
        <prop v="Point" k="line_width_unit"/>
        <prop v="0" k="offset"/>
        <prop v="3x:0,0,0,0,0,0" k="offset_map_unit_scale"/>
        <prop v="Point" k="offset_unit"/>
        <prop v="0" k="ring_filter"/>
        <prop v="1" k="use_custom_dash"/>
        <prop v="3x:0,0,0,0,0,0" k="width_map_unit_scale"/>
        <data_defined_properties>
          <Option type="Map">
            <Option name="name" value="" type="QString"/>
            <Option name="properties"/>
            <Option name="type" value="collection" type="QString"/>
          </Option>
        </data_defined_properties>
      </layer>
    </symbol>
    <symbol clip_to_extent="1" tags="black,simple,solid" alpha="1" force_rhr="0" name="Continuous" type="line">
      <layer enabled="1" class="SimpleLine" locked="0" pass="0">
        <prop v="square" k="capstyle"/>
        <prop v="5;2" k="customdash"/>
        <prop v="3x:0,0,0,0,0,0" k="customdash_map_unit_scale"/>
        <prop v="MM" k="customdash_unit"/>
        <prop v="0" k="draw_inside_polygon"/>
        <prop v="bevel" k="joinstyle"/>
        <prop v="0,0,0,255" k="line_color"/>
        <prop v="solid" k="line_style"/>
        <prop v="1" k="line_width"/>
        <prop v="Point" k="line_width_unit"/>
        <prop v="0" k="offset"/>
        <prop v="3x:0,0,0,0,0,0" k="offset_map_unit_scale"/>
        <prop v="MM" k="offset_unit"/>
        <prop v="0" k="ring_filter"/>
        <prop v="0" k="use_custom_dash"/>
        <prop v="3x:0,0,0,0,0,0" k="width_map_unit_scale"/>
        <data_defined_properties>
          <Option type="Map">
            <Option name="name" value="" type="QString"/>
            <Option name="properties"/>
            <Option name="type" value="collection" type="QString"/>
          </Option>
        </data_defined_properties>
      </layer>
    </symbol>
    <symbol clip_to_extent="1" tags="black,cartographic" alpha="1" force_rhr="0" name="DASHDOT" type="line">
      <layer enabled="1" class="SimpleLine" locked="0" pass="0">
        <prop v="flat" k="capstyle"/>
        <prop v="6;2;1;2;6;1e-06" k="customdash"/>
        <prop v="3x:0,0,0,0,0,0" k="customdash_map_unit_scale"/>
        <prop v="Point" k="customdash_unit"/>
        <prop v="0" k="draw_inside_polygon"/>
        <prop v="miter" k="joinstyle"/>
        <prop v="0,0,0,255" k="line_color"/>
        <prop v="solid" k="line_style"/>
        <prop v="1" k="line_width"/>
        <prop v="Point" k="line_width_unit"/>
        <prop v="0" k="offset"/>
        <prop v="3x:0,0,0,0,0,0" k="offset_map_unit_scale"/>
        <prop v="Point" k="offset_unit"/>
        <prop v="0" k="ring_filter"/>
        <prop v="1" k="use_custom_dash"/>
        <prop v="3x:0,0,0,0,0,0" k="width_map_unit_scale"/>
        <data_defined_properties>
          <Option type="Map">
            <Option name="name" value="" type="QString"/>
            <Option name="properties"/>
            <Option name="type" value="collection" type="QString"/>
          </Option>
        </data_defined_properties>
      </layer>
    </symbol>
    <symbol clip_to_extent="1" tags="black,cartographic" alpha="1" force_rhr="0" name="DASHDOT2" type="line">
      <layer enabled="1" class="SimpleLine" locked="0" pass="0">
        <prop v="flat" k="capstyle"/>
        <prop v="3;1;1;1;3;1e-06" k="customdash"/>
        <prop v="3x:0,0,0,0,0,0" k="customdash_map_unit_scale"/>
        <prop v="Point" k="customdash_unit"/>
        <prop v="0" k="draw_inside_polygon"/>
        <prop v="miter" k="joinstyle"/>
        <prop v="0,0,0,255" k="line_color"/>
        <prop v="solid" k="line_style"/>
        <prop v="1" k="line_width"/>
        <prop v="Point" k="line_width_unit"/>
        <prop v="0" k="offset"/>
        <prop v="3x:0,0,0,0,0,0" k="offset_map_unit_scale"/>
        <prop v="Point" k="offset_unit"/>
        <prop v="0" k="ring_filter"/>
        <prop v="1" k="use_custom_dash"/>
        <prop v="3x:0,0,0,0,0,0" k="width_map_unit_scale"/>
        <data_defined_properties>
          <Option type="Map">
            <Option name="name" value="" type="QString"/>
            <Option name="properties"/>
            <Option name="type" value="collection" type="QString"/>
          </Option>
        </data_defined_properties>
      </layer>
    </symbol>
    <symbol clip_to_extent="1" tags="black,cartographic" alpha="1" force_rhr="0" name="DASHDOTX2" type="line">
      <layer enabled="1" class="SimpleLine" locked="0" pass="0">
        <prop v="flat" k="capstyle"/>
        <prop v="12;4;1;4;12;1e-06" k="customdash"/>
        <prop v="3x:0,0,0,0,0,0" k="customdash_map_unit_scale"/>
        <prop v="Point" k="customdash_unit"/>
        <prop v="0" k="draw_inside_polygon"/>
        <prop v="miter" k="joinstyle"/>
        <prop v="0,0,0,255" k="line_color"/>
        <prop v="solid" k="line_style"/>
        <prop v="1" k="line_width"/>
        <prop v="Point" k="line_width_unit"/>
        <prop v="0" k="offset"/>
        <prop v="3x:0,0,0,0,0,0" k="offset_map_unit_scale"/>
        <prop v="Point" k="offset_unit"/>
        <prop v="0" k="ring_filter"/>
        <prop v="1" k="use_custom_dash"/>
        <prop v="3x:0,0,0,0,0,0" k="width_map_unit_scale"/>
        <data_defined_properties>
          <Option type="Map">
            <Option name="name" value="" type="QString"/>
            <Option name="properties"/>
            <Option name="type" value="collection" type="QString"/>
          </Option>
        </data_defined_properties>
      </layer>
    </symbol>
    <symbol clip_to_extent="1" tags="black,cartographic" alpha="1" force_rhr="0" name="DASHED" type="line">
      <layer enabled="1" class="SimpleLine" locked="0" pass="0">
        <prop v="flat" k="capstyle"/>
        <prop v="6;2;6;1e-06" k="customdash"/>
        <prop v="3x:0,0,0,0,0,0" k="customdash_map_unit_scale"/>
        <prop v="Point" k="customdash_unit"/>
        <prop v="0" k="draw_inside_polygon"/>
        <prop v="miter" k="joinstyle"/>
        <prop v="0,0,0,255" k="line_color"/>
        <prop v="solid" k="line_style"/>
        <prop v="1" k="line_width"/>
        <prop v="Point" k="line_width_unit"/>
        <prop v="0" k="offset"/>
        <prop v="3x:0,0,0,0,0,0" k="offset_map_unit_scale"/>
        <prop v="Point" k="offset_unit"/>
        <prop v="0" k="ring_filter"/>
        <prop v="1" k="use_custom_dash"/>
        <prop v="3x:0,0,0,0,0,0" k="width_map_unit_scale"/>
        <data_defined_properties>
          <Option type="Map">
            <Option name="name" value="" type="QString"/>
            <Option name="properties"/>
            <Option name="type" value="collection" type="QString"/>
          </Option>
        </data_defined_properties>
      </layer>
    </symbol>
    <symbol clip_to_extent="1" tags="black,cartographic" alpha="1" force_rhr="0" name="DASHED2" type="line">
      <layer enabled="1" class="SimpleLine" locked="0" pass="0">
        <prop v="flat" k="capstyle"/>
        <prop v="3;1;3;1e-06" k="customdash"/>
        <prop v="3x:0,0,0,0,0,0" k="customdash_map_unit_scale"/>
        <prop v="Point" k="customdash_unit"/>
        <prop v="0" k="draw_inside_polygon"/>
        <prop v="miter" k="joinstyle"/>
        <prop v="0,0,0,255" k="line_color"/>
        <prop v="solid" k="line_style"/>
        <prop v="1" k="line_width"/>
        <prop v="Point" k="line_width_unit"/>
        <prop v="0" k="offset"/>
        <prop v="3x:0,0,0,0,0,0" k="offset_map_unit_scale"/>
        <prop v="Point" k="offset_unit"/>
        <prop v="0" k="ring_filter"/>
        <prop v="1" k="use_custom_dash"/>
        <prop v="3x:0,0,0,0,0,0" k="width_map_unit_scale"/>
        <data_defined_properties>
          <Option type="Map">
            <Option name="name" value="" type="QString"/>
            <Option name="properties"/>
            <Option name="type" value="collection" type="QString"/>
          </Option>
        </data_defined_properties>
      </layer>
    </symbol>
    <symbol clip_to_extent="1" tags="black,cartographic" alpha="1" force_rhr="0" name="DASHEDX2" type="line">
      <layer enabled="1" class="SimpleLine" locked="0" pass="0">
        <prop v="flat" k="capstyle"/>
        <prop v="12;4;12;1e-06" k="customdash"/>
        <prop v="3x:0,0,0,0,0,0" k="customdash_map_unit_scale"/>
        <prop v="Point" k="customdash_unit"/>
        <prop v="0" k="draw_inside_polygon"/>
        <prop v="miter" k="joinstyle"/>
        <prop v="0,0,0,255" k="line_color"/>
        <prop v="solid" k="line_style"/>
        <prop v="1" k="line_width"/>
        <prop v="Point" k="line_width_unit"/>
        <prop v="0" k="offset"/>
        <prop v="3x:0,0,0,0,0,0" k="offset_map_unit_scale"/>
        <prop v="Point" k="offset_unit"/>
        <prop v="0" k="ring_filter"/>
        <prop v="1" k="use_custom_dash"/>
        <prop v="3x:0,0,0,0,0,0" k="width_map_unit_scale"/>
        <data_defined_properties>
          <Option type="Map">
            <Option name="name" value="" type="QString"/>
            <Option name="properties"/>
            <Option name="type" value="collection" type="QString"/>
          </Option>
        </data_defined_properties>
      </layer>
    </symbol>
    <symbol clip_to_extent="1" tags="black,cartographic" alpha="1" force_rhr="0" name="DIVIDE" type="line">
      <layer enabled="1" class="SimpleLine" locked="0" pass="0">
        <prop v="flat" k="capstyle"/>
        <prop v="6;2;1;2;1;2;6;1e-06" k="customdash"/>
        <prop v="3x:0,0,0,0,0,0" k="customdash_map_unit_scale"/>
        <prop v="Point" k="customdash_unit"/>
        <prop v="0" k="draw_inside_polygon"/>
        <prop v="miter" k="joinstyle"/>
        <prop v="0,0,0,255" k="line_color"/>
        <prop v="solid" k="line_style"/>
        <prop v="1" k="line_width"/>
        <prop v="Point" k="line_width_unit"/>
        <prop v="0" k="offset"/>
        <prop v="3x:0,0,0,0,0,0" k="offset_map_unit_scale"/>
        <prop v="Point" k="offset_unit"/>
        <prop v="0" k="ring_filter"/>
        <prop v="1" k="use_custom_dash"/>
        <prop v="3x:0,0,0,0,0,0" k="width_map_unit_scale"/>
        <data_defined_properties>
          <Option type="Map">
            <Option name="name" value="" type="QString"/>
            <Option name="properties"/>
            <Option name="type" value="collection" type="QString"/>
          </Option>
        </data_defined_properties>
      </layer>
    </symbol>
    <symbol clip_to_extent="1" tags="black,cartographic" alpha="1" force_rhr="0" name="DIVIDE2" type="line">
      <layer enabled="1" class="SimpleLine" locked="0" pass="0">
        <prop v="flat" k="capstyle"/>
        <prop v="3;1;1;1;1;1;3;1e-06" k="customdash"/>
        <prop v="3x:0,0,0,0,0,0" k="customdash_map_unit_scale"/>
        <prop v="Point" k="customdash_unit"/>
        <prop v="0" k="draw_inside_polygon"/>
        <prop v="miter" k="joinstyle"/>
        <prop v="0,0,0,255" k="line_color"/>
        <prop v="solid" k="line_style"/>
        <prop v="1" k="line_width"/>
        <prop v="Point" k="line_width_unit"/>
        <prop v="0" k="offset"/>
        <prop v="3x:0,0,0,0,0,0" k="offset_map_unit_scale"/>
        <prop v="Point" k="offset_unit"/>
        <prop v="0" k="ring_filter"/>
        <prop v="1" k="use_custom_dash"/>
        <prop v="3x:0,0,0,0,0,0" k="width_map_unit_scale"/>
        <data_defined_properties>
          <Option type="Map">
            <Option name="name" value="" type="QString"/>
            <Option name="properties"/>
            <Option name="type" value="collection" type="QString"/>
          </Option>
        </data_defined_properties>
      </layer>
    </symbol>
    <symbol clip_to_extent="1" tags="black,cartographic" alpha="1" force_rhr="0" name="DIVIDEX2" type="line">
      <layer enabled="1" class="SimpleLine" locked="0" pass="0">
        <prop v="flat" k="capstyle"/>
        <prop v="12;4;1;4;1;4;12;1e-06" k="customdash"/>
        <prop v="3x:0,0,0,0,0,0" k="customdash_map_unit_scale"/>
        <prop v="Point" k="customdash_unit"/>
        <prop v="0" k="draw_inside_polygon"/>
        <prop v="miter" k="joinstyle"/>
        <prop v="0,0,0,255" k="line_color"/>
        <prop v="solid" k="line_style"/>
        <prop v="1" k="line_width"/>
        <prop v="Point" k="line_width_unit"/>
        <prop v="0" k="offset"/>
        <prop v="3x:0,0,0,0,0,0" k="offset_map_unit_scale"/>
        <prop v="Point" k="offset_unit"/>
        <prop v="0" k="ring_filter"/>
        <prop v="1" k="use_custom_dash"/>
        <prop v="3x:0,0,0,0,0,0" k="width_map_unit_scale"/>
        <data_defined_properties>
          <Option type="Map">
            <Option name="name" value="" type="QString"/>
            <Option name="properties"/>
            <Option name="type" value="collection" type="QString"/>
          </Option>
        </data_defined_properties>
      </layer>
    </symbol>
    <symbol clip_to_extent="1" tags="black,cartographic" alpha="1" force_rhr="0" name="DOT" type="line">
      <layer enabled="1" class="SimpleLine" locked="0" pass="0">
        <prop v="flat" k="capstyle"/>
        <prop v="2;2;2;2;2;2;2;2;2;2;2;2;2;2;2;2;2;2;2;2;2;2;2;2;2;2;2;2;2;2;2;2;2;2;2;2;2;2;2;2;2;2;2;2" k="customdash"/>
        <prop v="3x:0,0,0,0,0,0" k="customdash_map_unit_scale"/>
        <prop v="Point" k="customdash_unit"/>
        <prop v="0" k="draw_inside_polygon"/>
        <prop v="miter" k="joinstyle"/>
        <prop v="0,0,0,255" k="line_color"/>
        <prop v="solid" k="line_style"/>
        <prop v="1" k="line_width"/>
        <prop v="Point" k="line_width_unit"/>
        <prop v="0" k="offset"/>
        <prop v="3x:0,0,0,0,0,0" k="offset_map_unit_scale"/>
        <prop v="Point" k="offset_unit"/>
        <prop v="0" k="ring_filter"/>
        <prop v="1" k="use_custom_dash"/>
        <prop v="3x:0,0,0,0,0,0" k="width_map_unit_scale"/>
        <data_defined_properties>
          <Option type="Map">
            <Option name="name" value="" type="QString"/>
            <Option name="properties"/>
            <Option name="type" value="collection" type="QString"/>
          </Option>
        </data_defined_properties>
      </layer>
    </symbol>
    <symbol clip_to_extent="1" tags="black,cartographic" alpha="1" force_rhr="0" name="DOT2" type="line">
      <layer enabled="1" class="SimpleLine" locked="0" pass="0">
        <prop v="flat" k="capstyle"/>
        <prop v="1;1;1;1;1;1;1;1;1;1;1;1;1;1;1;1;1;1;1;1;1;1;1;1;1;1;1;1;1;1;1;1;1;1;1;1;1;1;1;1;1;1;1;1" k="customdash"/>
        <prop v="3x:0,0,0,0,0,0" k="customdash_map_unit_scale"/>
        <prop v="Point" k="customdash_unit"/>
        <prop v="0" k="draw_inside_polygon"/>
        <prop v="miter" k="joinstyle"/>
        <prop v="0,0,0,255" k="line_color"/>
        <prop v="solid" k="line_style"/>
        <prop v="1" k="line_width"/>
        <prop v="Point" k="line_width_unit"/>
        <prop v="0" k="offset"/>
        <prop v="3x:0,0,0,0,0,0" k="offset_map_unit_scale"/>
        <prop v="Point" k="offset_unit"/>
        <prop v="0" k="ring_filter"/>
        <prop v="1" k="use_custom_dash"/>
        <prop v="3x:0,0,0,0,0,0" k="width_map_unit_scale"/>
        <data_defined_properties>
          <Option type="Map">
            <Option name="name" value="" type="QString"/>
            <Option name="properties"/>
            <Option name="type" value="collection" type="QString"/>
          </Option>
        </data_defined_properties>
      </layer>
    </symbol>
    <symbol clip_to_extent="1" tags="black,cartographic" alpha="1" force_rhr="0" name="DOTX2" type="line">
      <layer enabled="1" class="SimpleLine" locked="0" pass="0">
        <prop v="flat" k="capstyle"/>
        <prop v="2;4;2;4;2;4;2;4;2;4;2;4;2;4;2;4;2;4;2;4;2;4;2;4;2;4;2;4" k="customdash"/>
        <prop v="3x:0,0,0,0,0,0" k="customdash_map_unit_scale"/>
        <prop v="Point" k="customdash_unit"/>
        <prop v="0" k="draw_inside_polygon"/>
        <prop v="miter" k="joinstyle"/>
        <prop v="0,0,0,255" k="line_color"/>
        <prop v="solid" k="line_style"/>
        <prop v="1" k="line_width"/>
        <prop v="Point" k="line_width_unit"/>
        <prop v="0" k="offset"/>
        <prop v="3x:0,0,0,0,0,0" k="offset_map_unit_scale"/>
        <prop v="Point" k="offset_unit"/>
        <prop v="0" k="ring_filter"/>
        <prop v="1" k="use_custom_dash"/>
        <prop v="3x:0,0,0,0,0,0" k="width_map_unit_scale"/>
        <data_defined_properties>
          <Option type="Map">
            <Option name="name" value="" type="QString"/>
            <Option name="properties"/>
            <Option name="type" value="collection" type="QString"/>
          </Option>
        </data_defined_properties>
      </layer>
    </symbol>
    <symbol clip_to_extent="1" tags="black,cartographic" alpha="1" force_rhr="0" name="Dash Double-dot" type="line">
      <layer enabled="1" class="SimpleLine" locked="0" pass="0">
        <prop v="flat" k="capstyle"/>
        <prop v="6;3;1;3;1;3;6;1e-06" k="customdash"/>
        <prop v="3x:0,0,0,0,0,0" k="customdash_map_unit_scale"/>
        <prop v="Point" k="customdash_unit"/>
        <prop v="0" k="draw_inside_polygon"/>
        <prop v="miter" k="joinstyle"/>
        <prop v="0,0,0,255" k="line_color"/>
        <prop v="solid" k="line_style"/>
        <prop v="1" k="line_width"/>
        <prop v="Point" k="line_width_unit"/>
        <prop v="0" k="offset"/>
        <prop v="3x:0,0,0,0,0,0" k="offset_map_unit_scale"/>
        <prop v="Point" k="offset_unit"/>
        <prop v="0" k="ring_filter"/>
        <prop v="1" k="use_custom_dash"/>
        <prop v="3x:0,0,0,0,0,0" k="width_map_unit_scale"/>
        <data_defined_properties>
          <Option type="Map">
            <Option name="name" value="" type="QString"/>
            <Option name="properties"/>
            <Option name="type" value="collection" type="QString"/>
          </Option>
        </data_defined_properties>
      </layer>
    </symbol>
    <symbol clip_to_extent="1" tags="black,cartographic" alpha="1" force_rhr="0" name="Dashdot_1" type="line">
      <layer enabled="1" class="SimpleLine" locked="0" pass="0">
        <prop v="flat" k="capstyle"/>
        <prop v="6;2;1;2;6;1e-06" k="customdash"/>
        <prop v="3x:0,0,0,0,0,0" k="customdash_map_unit_scale"/>
        <prop v="Point" k="customdash_unit"/>
        <prop v="0" k="draw_inside_polygon"/>
        <prop v="miter" k="joinstyle"/>
        <prop v="0,0,0,255" k="line_color"/>
        <prop v="solid" k="line_style"/>
        <prop v="1" k="line_width"/>
        <prop v="Point" k="line_width_unit"/>
        <prop v="0" k="offset"/>
        <prop v="3x:0,0,0,0,0,0" k="offset_map_unit_scale"/>
        <prop v="Point" k="offset_unit"/>
        <prop v="0" k="ring_filter"/>
        <prop v="1" k="use_custom_dash"/>
        <prop v="3x:0,0,0,0,0,0" k="width_map_unit_scale"/>
        <data_defined_properties>
          <Option type="Map">
            <Option name="name" value="" type="QString"/>
            <Option name="properties"/>
            <Option name="type" value="collection" type="QString"/>
          </Option>
        </data_defined_properties>
      </layer>
    </symbol>
    <symbol clip_to_extent="1" tags="black,cartographic" alpha="1" force_rhr="0" name="Dashed_1" type="line">
      <layer enabled="1" class="SimpleLine" locked="0" pass="0">
        <prop v="flat" k="capstyle"/>
        <prop v="6;2;6;1e-06" k="customdash"/>
        <prop v="3x:0,0,0,0,0,0" k="customdash_map_unit_scale"/>
        <prop v="Point" k="customdash_unit"/>
        <prop v="0" k="draw_inside_polygon"/>
        <prop v="miter" k="joinstyle"/>
        <prop v="0,0,0,255" k="line_color"/>
        <prop v="solid" k="line_style"/>
        <prop v="1" k="line_width"/>
        <prop v="Point" k="line_width_unit"/>
        <prop v="0" k="offset"/>
        <prop v="3x:0,0,0,0,0,0" k="offset_map_unit_scale"/>
        <prop v="Point" k="offset_unit"/>
        <prop v="0" k="ring_filter"/>
        <prop v="1" k="use_custom_dash"/>
        <prop v="3x:0,0,0,0,0,0" k="width_map_unit_scale"/>
        <data_defined_properties>
          <Option type="Map">
            <Option name="name" value="" type="QString"/>
            <Option name="properties"/>
            <Option name="type" value="collection" type="QString"/>
          </Option>
        </data_defined_properties>
      </layer>
    </symbol>
    <symbol clip_to_extent="1" tags="black,cartographic" alpha="1" force_rhr="0" name="Divide_1" type="line">
      <layer enabled="1" class="SimpleLine" locked="0" pass="0">
        <prop v="flat" k="capstyle"/>
        <prop v="6;2;1;2;1;2;6;1e-06" k="customdash"/>
        <prop v="3x:0,0,0,0,0,0" k="customdash_map_unit_scale"/>
        <prop v="Point" k="customdash_unit"/>
        <prop v="0" k="draw_inside_polygon"/>
        <prop v="miter" k="joinstyle"/>
        <prop v="0,0,0,255" k="line_color"/>
        <prop v="solid" k="line_style"/>
        <prop v="1" k="line_width"/>
        <prop v="Point" k="line_width_unit"/>
        <prop v="0" k="offset"/>
        <prop v="3x:0,0,0,0,0,0" k="offset_map_unit_scale"/>
        <prop v="Point" k="offset_unit"/>
        <prop v="0" k="ring_filter"/>
        <prop v="1" k="use_custom_dash"/>
        <prop v="3x:0,0,0,0,0,0" k="width_map_unit_scale"/>
        <data_defined_properties>
          <Option type="Map">
            <Option name="name" value="" type="QString"/>
            <Option name="properties"/>
            <Option name="type" value="collection" type="QString"/>
          </Option>
        </data_defined_properties>
      </layer>
    </symbol>
    <symbol clip_to_extent="1" tags="black,cartographic" alpha="1" force_rhr="0" name="Dot-dashed" type="line">
      <layer enabled="1" class="SimpleLine" locked="0" pass="0">
        <prop v="flat" k="capstyle"/>
        <prop v="8;4;1;4;8;1e-06" k="customdash"/>
        <prop v="3x:0,0,0,0,0,0" k="customdash_map_unit_scale"/>
        <prop v="Point" k="customdash_unit"/>
        <prop v="0" k="draw_inside_polygon"/>
        <prop v="miter" k="joinstyle"/>
        <prop v="0,0,0,255" k="line_color"/>
        <prop v="solid" k="line_style"/>
        <prop v="1" k="line_width"/>
        <prop v="Point" k="line_width_unit"/>
        <prop v="0" k="offset"/>
        <prop v="3x:0,0,0,0,0,0" k="offset_map_unit_scale"/>
        <prop v="Point" k="offset_unit"/>
        <prop v="0" k="ring_filter"/>
        <prop v="1" k="use_custom_dash"/>
        <prop v="3x:0,0,0,0,0,0" k="width_map_unit_scale"/>
        <data_defined_properties>
          <Option type="Map">
            <Option name="name" value="" type="QString"/>
            <Option name="properties"/>
            <Option name="type" value="collection" type="QString"/>
          </Option>
        </data_defined_properties>
      </layer>
    </symbol>
    <symbol clip_to_extent="1" tags="black,cartographic" alpha="1" force_rhr="0" name="Dot_1" type="line">
      <layer enabled="1" class="SimpleLine" locked="0" pass="0">
        <prop v="flat" k="capstyle"/>
        <prop v="2;2;2;2;2;2;2;2;2;2;2;2;2;2;2;2;2;2;2;2;2;2;2;2;2;2;2;2;2;2;2;2;2;2;2;2;2;2;2;2;2;2;2;2" k="customdash"/>
        <prop v="3x:0,0,0,0,0,0" k="customdash_map_unit_scale"/>
        <prop v="Point" k="customdash_unit"/>
        <prop v="0" k="draw_inside_polygon"/>
        <prop v="miter" k="joinstyle"/>
        <prop v="0,0,0,255" k="line_color"/>
        <prop v="solid" k="line_style"/>
        <prop v="1" k="line_width"/>
        <prop v="Point" k="line_width_unit"/>
        <prop v="0" k="offset"/>
        <prop v="3x:0,0,0,0,0,0" k="offset_map_unit_scale"/>
        <prop v="Point" k="offset_unit"/>
        <prop v="0" k="ring_filter"/>
        <prop v="1" k="use_custom_dash"/>
        <prop v="3x:0,0,0,0,0,0" k="width_map_unit_scale"/>
        <data_defined_properties>
          <Option type="Map">
            <Option name="name" value="" type="QString"/>
            <Option name="properties"/>
            <Option name="type" value="collection" type="QString"/>
          </Option>
        </data_defined_properties>
      </layer>
    </symbol>
    <symbol clip_to_extent="1" tags="black,cartographic" alpha="1" force_rhr="0" name="Dotted" type="line">
      <layer enabled="1" class="SimpleLine" locked="0" pass="0">
        <prop v="flat" k="capstyle"/>
        <prop v="3;3;3;3;3;3;3;3;3;3;3;3;3;3;3;3;3;3;3;3;3;3;3;3;3;3;3;3;3;3;3;3;3;3;3;3;3;3;3;3;3;3;3;3" k="customdash"/>
        <prop v="3x:0,0,0,0,0,0" k="customdash_map_unit_scale"/>
        <prop v="Point" k="customdash_unit"/>
        <prop v="0" k="draw_inside_polygon"/>
        <prop v="miter" k="joinstyle"/>
        <prop v="0,0,0,255" k="line_color"/>
        <prop v="solid" k="line_style"/>
        <prop v="1" k="line_width"/>
        <prop v="Point" k="line_width_unit"/>
        <prop v="0" k="offset"/>
        <prop v="3x:0,0,0,0,0,0" k="offset_map_unit_scale"/>
        <prop v="Point" k="offset_unit"/>
        <prop v="0" k="ring_filter"/>
        <prop v="1" k="use_custom_dash"/>
        <prop v="3x:0,0,0,0,0,0" k="width_map_unit_scale"/>
        <data_defined_properties>
          <Option type="Map">
            <Option name="name" value="" type="QString"/>
            <Option name="properties"/>
            <Option name="type" value="collection" type="QString"/>
          </Option>
        </data_defined_properties>
      </layer>
    </symbol>
    <symbol clip_to_extent="1" tags="black,cartographic" alpha="1" force_rhr="0" name="HIDDEN" type="line">
      <layer enabled="1" class="SimpleLine" locked="0" pass="0">
        <prop v="flat" k="capstyle"/>
        <prop v="4;2;4;1e-06" k="customdash"/>
        <prop v="3x:0,0,0,0,0,0" k="customdash_map_unit_scale"/>
        <prop v="Point" k="customdash_unit"/>
        <prop v="0" k="draw_inside_polygon"/>
        <prop v="miter" k="joinstyle"/>
        <prop v="0,0,0,255" k="line_color"/>
        <prop v="solid" k="line_style"/>
        <prop v="1" k="line_width"/>
        <prop v="Point" k="line_width_unit"/>
        <prop v="0" k="offset"/>
        <prop v="3x:0,0,0,0,0,0" k="offset_map_unit_scale"/>
        <prop v="Point" k="offset_unit"/>
        <prop v="0" k="ring_filter"/>
        <prop v="1" k="use_custom_dash"/>
        <prop v="3x:0,0,0,0,0,0" k="width_map_unit_scale"/>
        <data_defined_properties>
          <Option type="Map">
            <Option name="name" value="" type="QString"/>
            <Option name="properties"/>
            <Option name="type" value="collection" type="QString"/>
          </Option>
        </data_defined_properties>
      </layer>
    </symbol>
    <symbol clip_to_extent="1" tags="black,cartographic" alpha="1" force_rhr="0" name="HIDDEN2" type="line">
      <layer enabled="1" class="SimpleLine" locked="0" pass="0">
        <prop v="flat" k="capstyle"/>
        <prop v="2;1;1;1;2;1e-06" k="customdash"/>
        <prop v="3x:0,0,0,0,0,0" k="customdash_map_unit_scale"/>
        <prop v="Point" k="customdash_unit"/>
        <prop v="0" k="draw_inside_polygon"/>
        <prop v="miter" k="joinstyle"/>
        <prop v="0,0,0,255" k="line_color"/>
        <prop v="solid" k="line_style"/>
        <prop v="1" k="line_width"/>
        <prop v="Point" k="line_width_unit"/>
        <prop v="0" k="offset"/>
        <prop v="3x:0,0,0,0,0,0" k="offset_map_unit_scale"/>
        <prop v="Point" k="offset_unit"/>
        <prop v="0" k="ring_filter"/>
        <prop v="1" k="use_custom_dash"/>
        <prop v="3x:0,0,0,0,0,0" k="width_map_unit_scale"/>
        <data_defined_properties>
          <Option type="Map">
            <Option name="name" value="" type="QString"/>
            <Option name="properties"/>
            <Option name="type" value="collection" type="QString"/>
          </Option>
        </data_defined_properties>
      </layer>
    </symbol>
    <symbol clip_to_extent="1" tags="black,cartographic" alpha="1" force_rhr="0" name="HIDDENX2" type="line">
      <layer enabled="1" class="SimpleLine" locked="0" pass="0">
        <prop v="flat" k="capstyle"/>
        <prop v="8;4;8;1e-06" k="customdash"/>
        <prop v="3x:0,0,0,0,0,0" k="customdash_map_unit_scale"/>
        <prop v="Point" k="customdash_unit"/>
        <prop v="0" k="draw_inside_polygon"/>
        <prop v="miter" k="joinstyle"/>
        <prop v="0,0,0,255" k="line_color"/>
        <prop v="solid" k="line_style"/>
        <prop v="1" k="line_width"/>
        <prop v="Point" k="line_width_unit"/>
        <prop v="0" k="offset"/>
        <prop v="3x:0,0,0,0,0,0" k="offset_map_unit_scale"/>
        <prop v="Point" k="offset_unit"/>
        <prop v="0" k="ring_filter"/>
        <prop v="1" k="use_custom_dash"/>
        <prop v="3x:0,0,0,0,0,0" k="width_map_unit_scale"/>
        <data_defined_properties>
          <Option type="Map">
            <Option name="name" value="" type="QString"/>
            <Option name="properties"/>
            <Option name="type" value="collection" type="QString"/>
          </Option>
        </data_defined_properties>
      </layer>
    </symbol>
    <symbol clip_to_extent="1" tags="black,cartographic" alpha="1" force_rhr="0" name="Hidden_1" type="line">
      <layer enabled="1" class="SimpleLine" locked="0" pass="0">
        <prop v="flat" k="capstyle"/>
        <prop v="4;2;4;1e-06" k="customdash"/>
        <prop v="3x:0,0,0,0,0,0" k="customdash_map_unit_scale"/>
        <prop v="Point" k="customdash_unit"/>
        <prop v="0" k="draw_inside_polygon"/>
        <prop v="miter" k="joinstyle"/>
        <prop v="0,0,0,255" k="line_color"/>
        <prop v="solid" k="line_style"/>
        <prop v="1" k="line_width"/>
        <prop v="Point" k="line_width_unit"/>
        <prop v="0" k="offset"/>
        <prop v="3x:0,0,0,0,0,0" k="offset_map_unit_scale"/>
        <prop v="Point" k="offset_unit"/>
        <prop v="0" k="ring_filter"/>
        <prop v="1" k="use_custom_dash"/>
        <prop v="3x:0,0,0,0,0,0" k="width_map_unit_scale"/>
        <data_defined_properties>
          <Option type="Map">
            <Option name="name" value="" type="QString"/>
            <Option name="properties"/>
            <Option name="type" value="collection" type="QString"/>
          </Option>
        </data_defined_properties>
      </layer>
    </symbol>
    <symbol clip_to_extent="1" tags="black,cartographic" alpha="1" force_rhr="0" name="Long dash-short dash" type="line">
      <layer enabled="1" class="SimpleLine" locked="0" pass="0">
        <prop v="flat" k="capstyle"/>
        <prop v="8;4;3;4;8;1e-06" k="customdash"/>
        <prop v="3x:0,0,0,0,0,0" k="customdash_map_unit_scale"/>
        <prop v="Point" k="customdash_unit"/>
        <prop v="0" k="draw_inside_polygon"/>
        <prop v="miter" k="joinstyle"/>
        <prop v="0,0,0,255" k="line_color"/>
        <prop v="solid" k="line_style"/>
        <prop v="1" k="line_width"/>
        <prop v="Point" k="line_width_unit"/>
        <prop v="0" k="offset"/>
        <prop v="3x:0,0,0,0,0,0" k="offset_map_unit_scale"/>
        <prop v="Point" k="offset_unit"/>
        <prop v="0" k="ring_filter"/>
        <prop v="1" k="use_custom_dash"/>
        <prop v="3x:0,0,0,0,0,0" k="width_map_unit_scale"/>
        <data_defined_properties>
          <Option type="Map">
            <Option name="name" value="" type="QString"/>
            <Option name="properties"/>
            <Option name="type" value="collection" type="QString"/>
          </Option>
        </data_defined_properties>
      </layer>
    </symbol>
    <symbol clip_to_extent="1" tags="black,cartographic" alpha="1" force_rhr="0" name="LongDashed" type="line">
      <layer enabled="1" class="SimpleLine" locked="0" pass="0">
        <prop v="flat" k="capstyle"/>
        <prop v="12;6;12;1e-06" k="customdash"/>
        <prop v="3x:0,0,0,0,0,0" k="customdash_map_unit_scale"/>
        <prop v="Point" k="customdash_unit"/>
        <prop v="0" k="draw_inside_polygon"/>
        <prop v="miter" k="joinstyle"/>
        <prop v="0,0,0,255" k="line_color"/>
        <prop v="solid" k="line_style"/>
        <prop v="1" k="line_width"/>
        <prop v="Point" k="line_width_unit"/>
        <prop v="0" k="offset"/>
        <prop v="3x:0,0,0,0,0,0" k="offset_map_unit_scale"/>
        <prop v="Point" k="offset_unit"/>
        <prop v="0" k="ring_filter"/>
        <prop v="1" k="use_custom_dash"/>
        <prop v="3x:0,0,0,0,0,0" k="width_map_unit_scale"/>
        <data_defined_properties>
          <Option type="Map">
            <Option name="name" value="" type="QString"/>
            <Option name="properties"/>
            <Option name="type" value="collection" type="QString"/>
          </Option>
        </data_defined_properties>
      </layer>
    </symbol>
    <symbol clip_to_extent="1" tags="black,cartographic" alpha="1" force_rhr="0" name="Medium-Dashed" type="line">
      <layer enabled="1" class="SimpleLine" locked="0" pass="0">
        <prop v="flat" k="capstyle"/>
        <prop v="5;4;5;1e-06" k="customdash"/>
        <prop v="3x:0,0,0,0,0,0" k="customdash_map_unit_scale"/>
        <prop v="Point" k="customdash_unit"/>
        <prop v="0" k="draw_inside_polygon"/>
        <prop v="miter" k="joinstyle"/>
        <prop v="0,0,0,255" k="line_color"/>
        <prop v="solid" k="line_style"/>
        <prop v="1" k="line_width"/>
        <prop v="Point" k="line_width_unit"/>
        <prop v="0" k="offset"/>
        <prop v="3x:0,0,0,0,0,0" k="offset_map_unit_scale"/>
        <prop v="Point" k="offset_unit"/>
        <prop v="0" k="ring_filter"/>
        <prop v="1" k="use_custom_dash"/>
        <prop v="3x:0,0,0,0,0,0" k="width_map_unit_scale"/>
        <data_defined_properties>
          <Option type="Map">
            <Option name="name" value="" type="QString"/>
            <Option name="properties"/>
            <Option name="type" value="collection" type="QString"/>
          </Option>
        </data_defined_properties>
      </layer>
    </symbol>
    <symbol clip_to_extent="1" tags="black,cartographic" alpha="1" force_rhr="0" name="PHANTOM" type="line">
      <layer enabled="1" class="SimpleLine" locked="0" pass="0">
        <prop v="flat" k="capstyle"/>
        <prop v="6;2;4;2;4;2;6;1e-06" k="customdash"/>
        <prop v="3x:0,0,0,0,0,0" k="customdash_map_unit_scale"/>
        <prop v="Point" k="customdash_unit"/>
        <prop v="0" k="draw_inside_polygon"/>
        <prop v="miter" k="joinstyle"/>
        <prop v="0,0,0,255" k="line_color"/>
        <prop v="solid" k="line_style"/>
        <prop v="1" k="line_width"/>
        <prop v="Point" k="line_width_unit"/>
        <prop v="0" k="offset"/>
        <prop v="3x:0,0,0,0,0,0" k="offset_map_unit_scale"/>
        <prop v="Point" k="offset_unit"/>
        <prop v="0" k="ring_filter"/>
        <prop v="1" k="use_custom_dash"/>
        <prop v="3x:0,0,0,0,0,0" k="width_map_unit_scale"/>
        <data_defined_properties>
          <Option type="Map">
            <Option name="name" value="" type="QString"/>
            <Option name="properties"/>
            <Option name="type" value="collection" type="QString"/>
          </Option>
        </data_defined_properties>
      </layer>
    </symbol>
    <symbol clip_to_extent="1" tags="black,cartographic" alpha="1" force_rhr="0" name="PHANTOM2" type="line">
      <layer enabled="1" class="SimpleLine" locked="0" pass="0">
        <prop v="flat" k="capstyle"/>
        <prop v="3;1;2;1;2;1;3;1e-06" k="customdash"/>
        <prop v="3x:0,0,0,0,0,0" k="customdash_map_unit_scale"/>
        <prop v="Point" k="customdash_unit"/>
        <prop v="0" k="draw_inside_polygon"/>
        <prop v="miter" k="joinstyle"/>
        <prop v="0,0,0,255" k="line_color"/>
        <prop v="solid" k="line_style"/>
        <prop v="1" k="line_width"/>
        <prop v="Point" k="line_width_unit"/>
        <prop v="0" k="offset"/>
        <prop v="3x:0,0,0,0,0,0" k="offset_map_unit_scale"/>
        <prop v="Point" k="offset_unit"/>
        <prop v="0" k="ring_filter"/>
        <prop v="1" k="use_custom_dash"/>
        <prop v="3x:0,0,0,0,0,0" k="width_map_unit_scale"/>
        <data_defined_properties>
          <Option type="Map">
            <Option name="name" value="" type="QString"/>
            <Option name="properties"/>
            <Option name="type" value="collection" type="QString"/>
          </Option>
        </data_defined_properties>
      </layer>
    </symbol>
    <symbol clip_to_extent="1" tags="black,cartographic" alpha="1" force_rhr="0" name="PHANTOMX2" type="line">
      <layer enabled="1" class="SimpleLine" locked="0" pass="0">
        <prop v="flat" k="capstyle"/>
        <prop v="10;4;6;4;6;4;10;1e-06" k="customdash"/>
        <prop v="3x:0,0,0,0,0,0" k="customdash_map_unit_scale"/>
        <prop v="Point" k="customdash_unit"/>
        <prop v="0" k="draw_inside_polygon"/>
        <prop v="miter" k="joinstyle"/>
        <prop v="0,0,0,255" k="line_color"/>
        <prop v="solid" k="line_style"/>
        <prop v="1" k="line_width"/>
        <prop v="Point" k="line_width_unit"/>
        <prop v="0" k="offset"/>
        <prop v="3x:0,0,0,0,0,0" k="offset_map_unit_scale"/>
        <prop v="Point" k="offset_unit"/>
        <prop v="0" k="ring_filter"/>
        <prop v="1" k="use_custom_dash"/>
        <prop v="3x:0,0,0,0,0,0" k="width_map_unit_scale"/>
        <data_defined_properties>
          <Option type="Map">
            <Option name="name" value="" type="QString"/>
            <Option name="properties"/>
            <Option name="type" value="collection" type="QString"/>
          </Option>
        </data_defined_properties>
      </layer>
    </symbol>
    <symbol clip_to_extent="1" tags="black,cartographic" alpha="1" force_rhr="0" name="Phantom_1" type="line">
      <layer enabled="1" class="SimpleLine" locked="0" pass="0">
        <prop v="flat" k="capstyle"/>
        <prop v="6;2;4;2;4;2;6;1e-06" k="customdash"/>
        <prop v="3x:0,0,0,0,0,0" k="customdash_map_unit_scale"/>
        <prop v="Point" k="customdash_unit"/>
        <prop v="0" k="draw_inside_polygon"/>
        <prop v="miter" k="joinstyle"/>
        <prop v="0,0,0,255" k="line_color"/>
        <prop v="solid" k="line_style"/>
        <prop v="1" k="line_width"/>
        <prop v="Point" k="line_width_unit"/>
        <prop v="0" k="offset"/>
        <prop v="3x:0,0,0,0,0,0" k="offset_map_unit_scale"/>
        <prop v="Point" k="offset_unit"/>
        <prop v="0" k="ring_filter"/>
        <prop v="1" k="use_custom_dash"/>
        <prop v="3x:0,0,0,0,0,0" k="width_map_unit_scale"/>
        <data_defined_properties>
          <Option type="Map">
            <Option name="name" value="" type="QString"/>
            <Option name="properties"/>
            <Option name="type" value="collection" type="QString"/>
          </Option>
        </data_defined_properties>
      </layer>
    </symbol>
    <symbol clip_to_extent="1" tags="black,cartographic" alpha="1" force_rhr="0" name="Short-dashed" type="line">
      <layer enabled="1" class="SimpleLine" locked="0" pass="0">
        <prop v="flat" k="capstyle"/>
        <prop v="3;4;3;1e-06" k="customdash"/>
        <prop v="3x:0,0,0,0,0,0" k="customdash_map_unit_scale"/>
        <prop v="Point" k="customdash_unit"/>
        <prop v="0" k="draw_inside_polygon"/>
        <prop v="miter" k="joinstyle"/>
        <prop v="0,0,0,255" k="line_color"/>
        <prop v="solid" k="line_style"/>
        <prop v="1" k="line_width"/>
        <prop v="Point" k="line_width_unit"/>
        <prop v="0" k="offset"/>
        <prop v="3x:0,0,0,0,0,0" k="offset_map_unit_scale"/>
        <prop v="Point" k="offset_unit"/>
        <prop v="0" k="ring_filter"/>
        <prop v="1" k="use_custom_dash"/>
        <prop v="3x:0,0,0,0,0,0" k="width_map_unit_scale"/>
        <data_defined_properties>
          <Option type="Map">
            <Option name="name" value="" type="QString"/>
            <Option name="properties"/>
            <Option name="type" value="collection" type="QString"/>
          </Option>
        </data_defined_properties>
      </layer>
    </symbol>
    <symbol clip_to_extent="1" tags="black,simple,solid" alpha="1" force_rhr="0" name="Solid" type="line">
      <layer enabled="1" class="SimpleLine" locked="0" pass="0">
        <prop v="square" k="capstyle"/>
        <prop v="5;2" k="customdash"/>
        <prop v="3x:0,0,0,0,0,0" k="customdash_map_unit_scale"/>
        <prop v="MM" k="customdash_unit"/>
        <prop v="0" k="draw_inside_polygon"/>
        <prop v="bevel" k="joinstyle"/>
        <prop v="0,0,0,255" k="line_color"/>
        <prop v="solid" k="line_style"/>
        <prop v="1" k="line_width"/>
        <prop v="Point" k="line_width_unit"/>
        <prop v="0" k="offset"/>
        <prop v="3x:0,0,0,0,0,0" k="offset_map_unit_scale"/>
        <prop v="MM" k="offset_unit"/>
        <prop v="0" k="ring_filter"/>
        <prop v="0" k="use_custom_dash"/>
        <prop v="3x:0,0,0,0,0,0" k="width_map_unit_scale"/>
        <data_defined_properties>
          <Option type="Map">
            <Option name="name" value="" type="QString"/>
            <Option name="properties"/>
            <Option name="type" value="collection" type="QString"/>
          </Option>
        </data_defined_properties>
      </layer>
    </symbol>
  </symbols>
  <colorramps/>
</qgis_style>
