<!DOCTYPE qgis_style>
<qgis_style version="1">
  <symbols>
    <symbol clip_to_extent="1" tags="purple,simple" alpha="1" force_rhr="0" name="AccessTunnel" type="fill">
      <layer enabled="1" class="SimpleFill" locked="0" pass="0">
        <prop v="3x:0,0,0,0,0,0" k="border_width_map_unit_scale"/>
        <prop v="132,0,168,255" k="color"/>
        <prop v="bevel" k="joinstyle"/>
        <prop v="0,0" k="offset"/>
        <prop v="3x:0,0,0,0,0,0" k="offset_map_unit_scale"/>
        <prop v="MM" k="offset_unit"/>
        <prop v="0,0,0,255" k="outline_color"/>
        <prop v="solid" k="outline_style"/>
        <prop v="0.5" k="outline_width"/>
        <prop v="Point" k="outline_width_unit"/>
        <prop v="solid" k="style"/>
        <data_defined_properties>
          <Option type="Map">
            <Option name="name" value="" type="QString"/>
            <Option name="properties"/>
            <Option name="type" value="collection" type="QString"/>
          </Option>
        </data_defined_properties>
      </layer>
    </symbol>
    <symbol clip_to_extent="1" tags="multilayer,hsv,green" alpha="1" force_rhr="0" name="AirRelease" type="line">
      <layer enabled="1" class="SimpleLine" locked="0" pass="0">
        <prop v="square" k="capstyle"/>
        <prop v="5;2" k="customdash"/>
        <prop v="3x:0,0,0,0,0,0" k="customdash_map_unit_scale"/>
        <prop v="MM" k="customdash_unit"/>
        <prop v="0" k="draw_inside_polygon"/>
        <prop v="bevel" k="joinstyle"/>
        <prop v="29,176,0,255" k="line_color"/>
        <prop v="solid" k="line_style"/>
        <prop v="2" k="line_width"/>
        <prop v="Point" k="line_width_unit"/>
        <prop v="0" k="offset"/>
        <prop v="3x:0,0,0,0,0,0" k="offset_map_unit_scale"/>
        <prop v="MM" k="offset_unit"/>
        <prop v="0" k="ring_filter"/>
        <prop v="0" k="use_custom_dash"/>
        <prop v="3x:0,0,0,0,0,0" k="width_map_unit_scale"/>
        <data_defined_properties>
          <Option type="Map">
            <Option name="name" value="" type="QString"/>
            <Option name="properties"/>
            <Option name="type" value="collection" type="QString"/>
          </Option>
        </data_defined_properties>
      </layer>
      <layer enabled="1" class="SimpleLine" locked="1" pass="0">
        <prop v="square" k="capstyle"/>
        <prop v="5;2" k="customdash"/>
        <prop v="3x:0,0,0,0,0,0" k="customdash_map_unit_scale"/>
        <prop v="MM" k="customdash_unit"/>
        <prop v="0" k="draw_inside_polygon"/>
        <prop v="bevel" k="joinstyle"/>
        <prop v="255,255,255,255" k="line_color"/>
        <prop v="solid" k="line_style"/>
        <prop v="0.7" k="line_width"/>
        <prop v="Point" k="line_width_unit"/>
        <prop v="0" k="offset"/>
        <prop v="3x:0,0,0,0,0,0" k="offset_map_unit_scale"/>
        <prop v="MM" k="offset_unit"/>
        <prop v="0" k="ring_filter"/>
        <prop v="0" k="use_custom_dash"/>
        <prop v="3x:0,0,0,0,0,0" k="width_map_unit_scale"/>
        <data_defined_properties>
          <Option type="Map">
            <Option name="name" value="" type="QString"/>
            <Option name="properties"/>
            <Option name="type" value="collection" type="QString"/>
          </Option>
        </data_defined_properties>
      </layer>
    </symbol>
    <symbol clip_to_extent="1" tags="multilayer,blue" alpha="1" force_rhr="0" name="BlowOff" type="line">
      <layer enabled="1" class="SimpleLine" locked="0" pass="0">
        <prop v="square" k="capstyle"/>
        <prop v="5;2" k="customdash"/>
        <prop v="3x:0,0,0,0,0,0" k="customdash_map_unit_scale"/>
        <prop v="MM" k="customdash_unit"/>
        <prop v="0" k="draw_inside_polygon"/>
        <prop v="bevel" k="joinstyle"/>
        <prop v="0,38,115,255" k="line_color"/>
        <prop v="solid" k="line_style"/>
        <prop v="2" k="line_width"/>
        <prop v="Point" k="line_width_unit"/>
        <prop v="0" k="offset"/>
        <prop v="3x:0,0,0,0,0,0" k="offset_map_unit_scale"/>
        <prop v="MM" k="offset_unit"/>
        <prop v="0" k="ring_filter"/>
        <prop v="0" k="use_custom_dash"/>
        <prop v="3x:0,0,0,0,0,0" k="width_map_unit_scale"/>
        <data_defined_properties>
          <Option type="Map">
            <Option name="name" value="" type="QString"/>
            <Option name="properties"/>
            <Option name="type" value="collection" type="QString"/>
          </Option>
        </data_defined_properties>
      </layer>
      <layer enabled="1" class="SimpleLine" locked="1" pass="0">
        <prop v="square" k="capstyle"/>
        <prop v="5;2" k="customdash"/>
        <prop v="3x:0,0,0,0,0,0" k="customdash_map_unit_scale"/>
        <prop v="MM" k="customdash_unit"/>
        <prop v="0" k="draw_inside_polygon"/>
        <prop v="bevel" k="joinstyle"/>
        <prop v="56,168,0,255" k="line_color"/>
        <prop v="solid" k="line_style"/>
        <prop v="0.7" k="line_width"/>
        <prop v="Point" k="line_width_unit"/>
        <prop v="0" k="offset"/>
        <prop v="3x:0,0,0,0,0,0" k="offset_map_unit_scale"/>
        <prop v="MM" k="offset_unit"/>
        <prop v="0" k="ring_filter"/>
        <prop v="0" k="use_custom_dash"/>
        <prop v="3x:0,0,0,0,0,0" k="width_map_unit_scale"/>
        <data_defined_properties>
          <Option type="Map">
            <Option name="name" value="" type="QString"/>
            <Option name="properties"/>
            <Option name="type" value="collection" type="QString"/>
          </Option>
        </data_defined_properties>
      </layer>
    </symbol>
    <symbol clip_to_extent="1" tags="multilayer,blue" alpha="1" force_rhr="0" name="Bypass" type="line">
      <layer enabled="1" class="SimpleLine" locked="0" pass="0">
        <prop v="square" k="capstyle"/>
        <prop v="5;2" k="customdash"/>
        <prop v="3x:0,0,0,0,0,0" k="customdash_map_unit_scale"/>
        <prop v="MM" k="customdash_unit"/>
        <prop v="0" k="draw_inside_polygon"/>
        <prop v="bevel" k="joinstyle"/>
        <prop v="0,56,147,255" k="line_color"/>
        <prop v="solid" k="line_style"/>
        <prop v="2" k="line_width"/>
        <prop v="Point" k="line_width_unit"/>
        <prop v="0" k="offset"/>
        <prop v="3x:0,0,0,0,0,0" k="offset_map_unit_scale"/>
        <prop v="MM" k="offset_unit"/>
        <prop v="0" k="ring_filter"/>
        <prop v="0" k="use_custom_dash"/>
        <prop v="3x:0,0,0,0,0,0" k="width_map_unit_scale"/>
        <data_defined_properties>
          <Option type="Map">
            <Option name="name" value="" type="QString"/>
            <Option name="properties"/>
            <Option name="type" value="collection" type="QString"/>
          </Option>
        </data_defined_properties>
      </layer>
      <layer enabled="1" class="SimpleLine" locked="1" pass="0">
        <prop v="square" k="capstyle"/>
        <prop v="5;2" k="customdash"/>
        <prop v="3x:0,0,0,0,0,0" k="customdash_map_unit_scale"/>
        <prop v="MM" k="customdash_unit"/>
        <prop v="0" k="draw_inside_polygon"/>
        <prop v="bevel" k="joinstyle"/>
        <prop v="255,255,0,255" k="line_color"/>
        <prop v="solid" k="line_style"/>
        <prop v="0.7" k="line_width"/>
        <prop v="Point" k="line_width_unit"/>
        <prop v="0" k="offset"/>
        <prop v="3x:0,0,0,0,0,0" k="offset_map_unit_scale"/>
        <prop v="MM" k="offset_unit"/>
        <prop v="0" k="ring_filter"/>
        <prop v="0" k="use_custom_dash"/>
        <prop v="3x:0,0,0,0,0,0" k="width_map_unit_scale"/>
        <data_defined_properties>
          <Option type="Map">
            <Option name="name" value="" type="QString"/>
            <Option name="properties"/>
            <Option name="type" value="collection" type="QString"/>
          </Option>
        </data_defined_properties>
      </layer>
    </symbol>
    <symbol clip_to_extent="1" tags="multilayer,yellow" alpha="1" force_rhr="0" name="Carrier" type="line">
      <layer enabled="1" class="SimpleLine" locked="1" pass="0">
        <prop v="flat" k="capstyle"/>
        <prop v="5;2" k="customdash"/>
        <prop v="3x:0,0,0,0,0,0" k="customdash_map_unit_scale"/>
        <prop v="MM" k="customdash_unit"/>
        <prop v="0" k="draw_inside_polygon"/>
        <prop v="round" k="joinstyle"/>
        <prop v="0,0,0,255" k="line_color"/>
        <prop v="solid" k="line_style"/>
        <prop v="2.5" k="line_width"/>
        <prop v="Point" k="line_width_unit"/>
        <prop v="0" k="offset"/>
        <prop v="3x:0,0,0,0,0,0" k="offset_map_unit_scale"/>
        <prop v="Point" k="offset_unit"/>
        <prop v="0" k="ring_filter"/>
        <prop v="0" k="use_custom_dash"/>
        <prop v="3x:0,0,0,0,0,0" k="width_map_unit_scale"/>
        <data_defined_properties>
          <Option type="Map">
            <Option name="name" value="" type="QString"/>
            <Option name="properties"/>
            <Option name="type" value="collection" type="QString"/>
          </Option>
        </data_defined_properties>
      </layer>
      <layer enabled="1" class="SimpleLine" locked="0" pass="0">
        <prop v="flat" k="capstyle"/>
        <prop v="5;2" k="customdash"/>
        <prop v="3x:0,0,0,0,0,0" k="customdash_map_unit_scale"/>
        <prop v="MM" k="customdash_unit"/>
        <prop v="0" k="draw_inside_polygon"/>
        <prop v="round" k="joinstyle"/>
        <prop v="168,168,0,255" k="line_color"/>
        <prop v="solid" k="line_style"/>
        <prop v="1.25" k="line_width"/>
        <prop v="Point" k="line_width_unit"/>
        <prop v="0" k="offset"/>
        <prop v="3x:0,0,0,0,0,0" k="offset_map_unit_scale"/>
        <prop v="Point" k="offset_unit"/>
        <prop v="0" k="ring_filter"/>
        <prop v="0" k="use_custom_dash"/>
        <prop v="3x:0,0,0,0,0,0" k="width_map_unit_scale"/>
        <data_defined_properties>
          <Option type="Map">
            <Option name="name" value="" type="QString"/>
            <Option name="properties"/>
            <Option name="type" value="collection" type="QString"/>
          </Option>
        </data_defined_properties>
      </layer>
    </symbol>
    <symbol clip_to_extent="1" tags="purple,simple" alpha="1" force_rhr="0" name="Casement" type="fill">
      <layer enabled="1" class="SimpleFill" locked="0" pass="0">
        <prop v="3x:0,0,0,0,0,0" k="border_width_map_unit_scale"/>
        <prop v="223,115,255,255" k="color"/>
        <prop v="bevel" k="joinstyle"/>
        <prop v="0,0" k="offset"/>
        <prop v="3x:0,0,0,0,0,0" k="offset_map_unit_scale"/>
        <prop v="MM" k="offset_unit"/>
        <prop v="0,0,0,255" k="outline_color"/>
        <prop v="solid" k="outline_style"/>
        <prop v="0.5" k="outline_width"/>
        <prop v="Point" k="outline_width_unit"/>
        <prop v="solid" k="style"/>
        <data_defined_properties>
          <Option type="Map">
            <Option name="name" value="" type="QString"/>
            <Option name="properties"/>
            <Option name="type" value="collection" type="QString"/>
          </Option>
        </data_defined_properties>
      </layer>
    </symbol>
    <symbol clip_to_extent="1" tags="purple,simple" alpha="1" force_rhr="0" name="Casing - Default" type="fill">
      <layer enabled="1" class="SimpleFill" locked="0" pass="0">
        <prop v="3x:0,0,0,0,0,0" k="border_width_map_unit_scale"/>
        <prop v="232,190,255,255" k="color"/>
        <prop v="bevel" k="joinstyle"/>
        <prop v="0,0" k="offset"/>
        <prop v="3x:0,0,0,0,0,0" k="offset_map_unit_scale"/>
        <prop v="MM" k="offset_unit"/>
        <prop v="0,0,0,255" k="outline_color"/>
        <prop v="solid" k="outline_style"/>
        <prop v="0.2" k="outline_width"/>
        <prop v="Point" k="outline_width_unit"/>
        <prop v="solid" k="style"/>
        <data_defined_properties>
          <Option type="Map">
            <Option name="name" value="" type="QString"/>
            <Option name="properties"/>
            <Option name="type" value="collection" type="QString"/>
          </Option>
        </data_defined_properties>
      </layer>
    </symbol>
    <symbol clip_to_extent="1" tags="multilayer,hsv,blue" alpha="1" force_rhr="0" name="ChemicalInjection" type="line">
      <layer enabled="1" class="SimpleLine" locked="0" pass="0">
        <prop v="square" k="capstyle"/>
        <prop v="5;2" k="customdash"/>
        <prop v="3x:0,0,0,0,0,0" k="customdash_map_unit_scale"/>
        <prop v="MM" k="customdash_unit"/>
        <prop v="0" k="draw_inside_polygon"/>
        <prop v="bevel" k="joinstyle"/>
        <prop v="0,138,153,255" k="line_color"/>
        <prop v="solid" k="line_style"/>
        <prop v="2" k="line_width"/>
        <prop v="Point" k="line_width_unit"/>
        <prop v="0" k="offset"/>
        <prop v="3x:0,0,0,0,0,0" k="offset_map_unit_scale"/>
        <prop v="MM" k="offset_unit"/>
        <prop v="0" k="ring_filter"/>
        <prop v="0" k="use_custom_dash"/>
        <prop v="3x:0,0,0,0,0,0" k="width_map_unit_scale"/>
        <data_defined_properties>
          <Option type="Map">
            <Option name="name" value="" type="QString"/>
            <Option name="properties"/>
            <Option name="type" value="collection" type="QString"/>
          </Option>
        </data_defined_properties>
      </layer>
      <layer enabled="1" class="SimpleLine" locked="1" pass="0">
        <prop v="square" k="capstyle"/>
        <prop v="5;2" k="customdash"/>
        <prop v="3x:0,0,0,0,0,0" k="customdash_map_unit_scale"/>
        <prop v="MM" k="customdash_unit"/>
        <prop v="0" k="draw_inside_polygon"/>
        <prop v="bevel" k="joinstyle"/>
        <prop v="255,255,255,255" k="line_color"/>
        <prop v="solid" k="line_style"/>
        <prop v="0.7" k="line_width"/>
        <prop v="Point" k="line_width_unit"/>
        <prop v="0" k="offset"/>
        <prop v="3x:0,0,0,0,0,0" k="offset_map_unit_scale"/>
        <prop v="MM" k="offset_unit"/>
        <prop v="0" k="ring_filter"/>
        <prop v="0" k="use_custom_dash"/>
        <prop v="3x:0,0,0,0,0,0" k="width_map_unit_scale"/>
        <data_defined_properties>
          <Option type="Map">
            <Option name="name" value="" type="QString"/>
            <Option name="properties"/>
            <Option name="type" value="collection" type="QString"/>
          </Option>
        </data_defined_properties>
      </layer>
    </symbol>
    <symbol clip_to_extent="1" tags="multilayer,green" alpha="1" force_rhr="0" name="Collector" type="line">
      <layer enabled="1" class="SimpleLine" locked="1" pass="0">
        <prop v="flat" k="capstyle"/>
        <prop v="5;2" k="customdash"/>
        <prop v="3x:0,0,0,0,0,0" k="customdash_map_unit_scale"/>
        <prop v="MM" k="customdash_unit"/>
        <prop v="0" k="draw_inside_polygon"/>
        <prop v="round" k="joinstyle"/>
        <prop v="0,0,0,255" k="line_color"/>
        <prop v="solid" k="line_style"/>
        <prop v="2.5" k="line_width"/>
        <prop v="Point" k="line_width_unit"/>
        <prop v="0" k="offset"/>
        <prop v="3x:0,0,0,0,0,0" k="offset_map_unit_scale"/>
        <prop v="Point" k="offset_unit"/>
        <prop v="0" k="ring_filter"/>
        <prop v="0" k="use_custom_dash"/>
        <prop v="3x:0,0,0,0,0,0" k="width_map_unit_scale"/>
        <data_defined_properties>
          <Option type="Map">
            <Option name="name" value="" type="QString"/>
            <Option name="properties"/>
            <Option name="type" value="collection" type="QString"/>
          </Option>
        </data_defined_properties>
      </layer>
      <layer enabled="1" class="SimpleLine" locked="0" pass="0">
        <prop v="flat" k="capstyle"/>
        <prop v="5;2" k="customdash"/>
        <prop v="3x:0,0,0,0,0,0" k="customdash_map_unit_scale"/>
        <prop v="MM" k="customdash_unit"/>
        <prop v="0" k="draw_inside_polygon"/>
        <prop v="round" k="joinstyle"/>
        <prop v="170,255,0,255" k="line_color"/>
        <prop v="solid" k="line_style"/>
        <prop v="1.25" k="line_width"/>
        <prop v="Point" k="line_width_unit"/>
        <prop v="0" k="offset"/>
        <prop v="3x:0,0,0,0,0,0" k="offset_map_unit_scale"/>
        <prop v="Point" k="offset_unit"/>
        <prop v="0" k="ring_filter"/>
        <prop v="0" k="use_custom_dash"/>
        <prop v="3x:0,0,0,0,0,0" k="width_map_unit_scale"/>
        <data_defined_properties>
          <Option type="Map">
            <Option name="name" value="" type="QString"/>
            <Option name="properties"/>
            <Option name="type" value="collection" type="QString"/>
          </Option>
        </data_defined_properties>
      </layer>
    </symbol>
    <symbol clip_to_extent="1" tags="green,simple,solid" alpha="1" force_rhr="0" name="Combination" type="line">
      <layer enabled="1" class="SimpleLine" locked="0" pass="0">
        <prop v="square" k="capstyle"/>
        <prop v="5;2" k="customdash"/>
        <prop v="3x:0,0,0,0,0,0" k="customdash_map_unit_scale"/>
        <prop v="MM" k="customdash_unit"/>
        <prop v="0" k="draw_inside_polygon"/>
        <prop v="bevel" k="joinstyle"/>
        <prop v="171,205,102,255" k="line_color"/>
        <prop v="solid" k="line_style"/>
        <prop v="1.5" k="line_width"/>
        <prop v="Point" k="line_width_unit"/>
        <prop v="0" k="offset"/>
        <prop v="3x:0,0,0,0,0,0" k="offset_map_unit_scale"/>
        <prop v="MM" k="offset_unit"/>
        <prop v="0" k="ring_filter"/>
        <prop v="0" k="use_custom_dash"/>
        <prop v="3x:0,0,0,0,0,0" k="width_map_unit_scale"/>
        <data_defined_properties>
          <Option type="Map">
            <Option name="name" value="" type="QString"/>
            <Option name="properties"/>
            <Option name="type" value="collection" type="QString"/>
          </Option>
        </data_defined_properties>
      </layer>
    </symbol>
    <symbol clip_to_extent="1" tags="blue,simple,solid" alpha="1" force_rhr="0" name="Commercial" type="line">
      <layer enabled="1" class="SimpleLine" locked="0" pass="0">
        <prop v="square" k="capstyle"/>
        <prop v="5;2" k="customdash"/>
        <prop v="3x:0,0,0,0,0,0" k="customdash_map_unit_scale"/>
        <prop v="MM" k="customdash_unit"/>
        <prop v="0" k="draw_inside_polygon"/>
        <prop v="bevel" k="joinstyle"/>
        <prop v="122,142,245,255" k="line_color"/>
        <prop v="solid" k="line_style"/>
        <prop v="1.5" k="line_width"/>
        <prop v="Point" k="line_width_unit"/>
        <prop v="0" k="offset"/>
        <prop v="3x:0,0,0,0,0,0" k="offset_map_unit_scale"/>
        <prop v="MM" k="offset_unit"/>
        <prop v="0" k="ring_filter"/>
        <prop v="0" k="use_custom_dash"/>
        <prop v="3x:0,0,0,0,0,0" k="width_map_unit_scale"/>
        <data_defined_properties>
          <Option type="Map">
            <Option name="name" value="" type="QString"/>
            <Option name="properties"/>
            <Option name="type" value="collection" type="QString"/>
          </Option>
        </data_defined_properties>
      </layer>
    </symbol>
    <symbol clip_to_extent="1" tags="purple,simple" alpha="1" force_rhr="0" name="ConduitBridge" type="fill">
      <layer enabled="1" class="SimpleFill" locked="0" pass="0">
        <prop v="3x:0,0,0,0,0,0" k="border_width_map_unit_scale"/>
        <prop v="197,0,255,255" k="color"/>
        <prop v="bevel" k="joinstyle"/>
        <prop v="0,0" k="offset"/>
        <prop v="3x:0,0,0,0,0,0" k="offset_map_unit_scale"/>
        <prop v="MM" k="offset_unit"/>
        <prop v="0,0,0,255" k="outline_color"/>
        <prop v="solid" k="outline_style"/>
        <prop v="0.5" k="outline_width"/>
        <prop v="Point" k="outline_width_unit"/>
        <prop v="solid" k="style"/>
        <data_defined_properties>
          <Option type="Map">
            <Option name="name" value="" type="QString"/>
            <Option name="properties"/>
            <Option name="type" value="collection" type="QString"/>
          </Option>
        </data_defined_properties>
      </layer>
    </symbol>
    <symbol clip_to_extent="1" tags="multilayer,green,blue" alpha="1" force_rhr="0" name="Culvert" type="line">
      <layer enabled="1" class="SimpleLine" locked="0" pass="0">
        <prop v="flat" k="capstyle"/>
        <prop v="5;2" k="customdash"/>
        <prop v="3x:0,0,0,0,0,0" k="customdash_map_unit_scale"/>
        <prop v="MM" k="customdash_unit"/>
        <prop v="0" k="draw_inside_polygon"/>
        <prop v="round" k="joinstyle"/>
        <prop v="0,115,76,255" k="line_color"/>
        <prop v="solid" k="line_style"/>
        <prop v="3" k="line_width"/>
        <prop v="Point" k="line_width_unit"/>
        <prop v="0" k="offset"/>
        <prop v="3x:0,0,0,0,0,0" k="offset_map_unit_scale"/>
        <prop v="Point" k="offset_unit"/>
        <prop v="0" k="ring_filter"/>
        <prop v="0" k="use_custom_dash"/>
        <prop v="3x:0,0,0,0,0,0" k="width_map_unit_scale"/>
        <data_defined_properties>
          <Option type="Map">
            <Option name="name" value="" type="QString"/>
            <Option name="properties"/>
            <Option name="type" value="collection" type="QString"/>
          </Option>
        </data_defined_properties>
      </layer>
      <layer enabled="1" class="SimpleLine" locked="1" pass="0">
        <prop v="flat" k="capstyle"/>
        <prop v="5;5" k="customdash"/>
        <prop v="3x:0,0,0,0,0,0" k="customdash_map_unit_scale"/>
        <prop v="Point" k="customdash_unit"/>
        <prop v="0" k="draw_inside_polygon"/>
        <prop v="round" k="joinstyle"/>
        <prop v="255,255,255,255" k="line_color"/>
        <prop v="solid" k="line_style"/>
        <prop v="2" k="line_width"/>
        <prop v="Point" k="line_width_unit"/>
        <prop v="0" k="offset"/>
        <prop v="3x:0,0,0,0,0,0" k="offset_map_unit_scale"/>
        <prop v="Point" k="offset_unit"/>
        <prop v="0" k="ring_filter"/>
        <prop v="1" k="use_custom_dash"/>
        <prop v="3x:0,0,0,0,0,0" k="width_map_unit_scale"/>
        <data_defined_properties>
          <Option type="Map">
            <Option name="name" value="" type="QString"/>
            <Option name="properties"/>
            <Option name="type" value="collection" type="QString"/>
          </Option>
        </data_defined_properties>
      </layer>
    </symbol>
    <symbol clip_to_extent="1" tags="hsv,green,blue,simple" alpha="1" force_rhr="0" name="DischargeStructure" type="fill">
      <layer enabled="1" class="SimpleFill" locked="0" pass="0">
        <prop v="3x:0,0,0,0,0,0" k="border_width_map_unit_scale"/>
        <prop v="125,201,163,255" k="color"/>
        <prop v="bevel" k="joinstyle"/>
        <prop v="0,0" k="offset"/>
        <prop v="3x:0,0,0,0,0,0" k="offset_map_unit_scale"/>
        <prop v="MM" k="offset_unit"/>
        <prop v="0,0,0,255" k="outline_color"/>
        <prop v="solid" k="outline_style"/>
        <prop v="0.1" k="outline_width"/>
        <prop v="Point" k="outline_width_unit"/>
        <prop v="solid" k="style"/>
        <data_defined_properties>
          <Option type="Map">
            <Option name="name" value="" type="QString"/>
            <Option name="properties"/>
            <Option name="type" value="collection" type="QString"/>
          </Option>
        </data_defined_properties>
      </layer>
    </symbol>
    <symbol clip_to_extent="1" tags="multilayer,blue" alpha="1" force_rhr="0" name="DistributionMain" type="line">
      <layer enabled="1" class="SimpleLine" locked="1" pass="0">
        <prop v="flat" k="capstyle"/>
        <prop v="5;2" k="customdash"/>
        <prop v="3x:0,0,0,0,0,0" k="customdash_map_unit_scale"/>
        <prop v="MM" k="customdash_unit"/>
        <prop v="0" k="draw_inside_polygon"/>
        <prop v="round" k="joinstyle"/>
        <prop v="0,0,0,255" k="line_color"/>
        <prop v="solid" k="line_style"/>
        <prop v="2.5" k="line_width"/>
        <prop v="Point" k="line_width_unit"/>
        <prop v="0" k="offset"/>
        <prop v="3x:0,0,0,0,0,0" k="offset_map_unit_scale"/>
        <prop v="Point" k="offset_unit"/>
        <prop v="0" k="ring_filter"/>
        <prop v="0" k="use_custom_dash"/>
        <prop v="3x:0,0,0,0,0,0" k="width_map_unit_scale"/>
        <data_defined_properties>
          <Option type="Map">
            <Option name="name" value="" type="QString"/>
            <Option name="properties"/>
            <Option name="type" value="collection" type="QString"/>
          </Option>
        </data_defined_properties>
      </layer>
      <layer enabled="1" class="SimpleLine" locked="0" pass="0">
        <prop v="flat" k="capstyle"/>
        <prop v="5;2" k="customdash"/>
        <prop v="3x:0,0,0,0,0,0" k="customdash_map_unit_scale"/>
        <prop v="MM" k="customdash_unit"/>
        <prop v="0" k="draw_inside_polygon"/>
        <prop v="round" k="joinstyle"/>
        <prop v="0,112,255,255" k="line_color"/>
        <prop v="solid" k="line_style"/>
        <prop v="1.25" k="line_width"/>
        <prop v="Point" k="line_width_unit"/>
        <prop v="0" k="offset"/>
        <prop v="3x:0,0,0,0,0,0" k="offset_map_unit_scale"/>
        <prop v="Point" k="offset_unit"/>
        <prop v="0" k="ring_filter"/>
        <prop v="0" k="use_custom_dash"/>
        <prop v="3x:0,0,0,0,0,0" k="width_map_unit_scale"/>
        <data_defined_properties>
          <Option type="Map">
            <Option name="name" value="" type="QString"/>
            <Option name="properties"/>
            <Option name="type" value="collection" type="QString"/>
          </Option>
        </data_defined_properties>
      </layer>
    </symbol>
    <symbol clip_to_extent="1" tags="hsv,green,simple" alpha="1" force_rhr="0" name="DiversionChamber" type="fill">
      <layer enabled="1" class="SimpleFill" locked="0" pass="0">
        <prop v="3x:0,0,0,0,0,0" k="border_width_map_unit_scale"/>
        <prop v="107,181,123,255" k="color"/>
        <prop v="bevel" k="joinstyle"/>
        <prop v="0,0" k="offset"/>
        <prop v="3x:0,0,0,0,0,0" k="offset_map_unit_scale"/>
        <prop v="MM" k="offset_unit"/>
        <prop v="0,0,0,255" k="outline_color"/>
        <prop v="solid" k="outline_style"/>
        <prop v="0.1" k="outline_width"/>
        <prop v="Point" k="outline_width_unit"/>
        <prop v="solid" k="style"/>
        <data_defined_properties>
          <Option type="Map">
            <Option name="name" value="" type="QString"/>
            <Option name="properties"/>
            <Option name="type" value="collection" type="QString"/>
          </Option>
        </data_defined_properties>
      </layer>
    </symbol>
    <symbol clip_to_extent="1" tags="hsv,green,simple" alpha="1" force_rhr="0" name="DiversionPoint" type="fill">
      <layer enabled="1" class="SimpleFill" locked="0" pass="0">
        <prop v="3x:0,0,0,0,0,0" k="border_width_map_unit_scale"/>
        <prop v="151,189,140,255" k="color"/>
        <prop v="bevel" k="joinstyle"/>
        <prop v="0,0" k="offset"/>
        <prop v="3x:0,0,0,0,0,0" k="offset_map_unit_scale"/>
        <prop v="MM" k="offset_unit"/>
        <prop v="0,0,0,255" k="outline_color"/>
        <prop v="solid" k="outline_style"/>
        <prop v="0.1" k="outline_width"/>
        <prop v="Point" k="outline_width_unit"/>
        <prop v="solid" k="style"/>
        <data_defined_properties>
          <Option type="Map">
            <Option name="name" value="" type="QString"/>
            <Option name="properties"/>
            <Option name="type" value="collection" type="QString"/>
          </Option>
        </data_defined_properties>
      </layer>
    </symbol>
    <symbol clip_to_extent="1" tags="blue,simple,solid" alpha="1" force_rhr="0" name="Domestic" type="line">
      <layer enabled="1" class="SimpleLine" locked="0" pass="0">
        <prop v="square" k="capstyle"/>
        <prop v="5;2" k="customdash"/>
        <prop v="3x:0,0,0,0,0,0" k="customdash_map_unit_scale"/>
        <prop v="MM" k="customdash_unit"/>
        <prop v="0" k="draw_inside_polygon"/>
        <prop v="bevel" k="joinstyle"/>
        <prop v="0,0,255,255" k="line_color"/>
        <prop v="solid" k="line_style"/>
        <prop v="1.5" k="line_width"/>
        <prop v="Point" k="line_width_unit"/>
        <prop v="0" k="offset"/>
        <prop v="3x:0,0,0,0,0,0" k="offset_map_unit_scale"/>
        <prop v="MM" k="offset_unit"/>
        <prop v="0" k="ring_filter"/>
        <prop v="0" k="use_custom_dash"/>
        <prop v="3x:0,0,0,0,0,0" k="width_map_unit_scale"/>
        <data_defined_properties>
          <Option type="Map">
            <Option name="name" value="" type="QString"/>
            <Option name="properties"/>
            <Option name="type" value="collection" type="QString"/>
          </Option>
        </data_defined_properties>
      </layer>
    </symbol>
    <symbol clip_to_extent="1" tags="yellow,simple" alpha="1" force_rhr="0" name="EnclosedStorageFacility" type="fill">
      <layer enabled="1" class="SimpleFill" locked="0" pass="0">
        <prop v="3x:0,0,0,0,0,0" k="border_width_map_unit_scale"/>
        <prop v="205,205,102,255" k="color"/>
        <prop v="bevel" k="joinstyle"/>
        <prop v="0,0" k="offset"/>
        <prop v="3x:0,0,0,0,0,0" k="offset_map_unit_scale"/>
        <prop v="MM" k="offset_unit"/>
        <prop v="0,0,0,255" k="outline_color"/>
        <prop v="solid" k="outline_style"/>
        <prop v="0.5" k="outline_width"/>
        <prop v="Point" k="outline_width_unit"/>
        <prop v="solid" k="style"/>
        <data_defined_properties>
          <Option type="Map">
            <Option name="name" value="" type="QString"/>
            <Option name="properties"/>
            <Option name="type" value="collection" type="QString"/>
          </Option>
        </data_defined_properties>
      </layer>
    </symbol>
    <symbol clip_to_extent="1" tags="orange,simple,solid" alpha="1" force_rhr="0" name="Fire" type="line">
      <layer enabled="1" class="SimpleLine" locked="0" pass="0">
        <prop v="square" k="capstyle"/>
        <prop v="5;2" k="customdash"/>
        <prop v="3x:0,0,0,0,0,0" k="customdash_map_unit_scale"/>
        <prop v="MM" k="customdash_unit"/>
        <prop v="0" k="draw_inside_polygon"/>
        <prop v="bevel" k="joinstyle"/>
        <prop v="224,170,15,255" k="line_color"/>
        <prop v="solid" k="line_style"/>
        <prop v="1.5" k="line_width"/>
        <prop v="Point" k="line_width_unit"/>
        <prop v="0" k="offset"/>
        <prop v="3x:0,0,0,0,0,0" k="offset_map_unit_scale"/>
        <prop v="MM" k="offset_unit"/>
        <prop v="0" k="ring_filter"/>
        <prop v="0" k="use_custom_dash"/>
        <prop v="3x:0,0,0,0,0,0" k="width_map_unit_scale"/>
        <data_defined_properties>
          <Option type="Map">
            <Option name="name" value="" type="QString"/>
            <Option name="properties"/>
            <Option name="type" value="collection" type="QString"/>
          </Option>
        </data_defined_properties>
      </layer>
    </symbol>
    <symbol clip_to_extent="1" tags="multilayer,green" alpha="1" force_rhr="0" name="Force" type="line">
      <layer enabled="1" class="SimpleLine" locked="1" pass="0">
        <prop v="flat" k="capstyle"/>
        <prop v="5;2" k="customdash"/>
        <prop v="3x:0,0,0,0,0,0" k="customdash_map_unit_scale"/>
        <prop v="MM" k="customdash_unit"/>
        <prop v="0" k="draw_inside_polygon"/>
        <prop v="round" k="joinstyle"/>
        <prop v="0,0,0,255" k="line_color"/>
        <prop v="solid" k="line_style"/>
        <prop v="2.5" k="line_width"/>
        <prop v="Point" k="line_width_unit"/>
        <prop v="0" k="offset"/>
        <prop v="3x:0,0,0,0,0,0" k="offset_map_unit_scale"/>
        <prop v="Point" k="offset_unit"/>
        <prop v="0" k="ring_filter"/>
        <prop v="0" k="use_custom_dash"/>
        <prop v="3x:0,0,0,0,0,0" k="width_map_unit_scale"/>
        <data_defined_properties>
          <Option type="Map">
            <Option name="name" value="" type="QString"/>
            <Option name="properties"/>
            <Option name="type" value="collection" type="QString"/>
          </Option>
        </data_defined_properties>
      </layer>
      <layer enabled="1" class="SimpleLine" locked="0" pass="0">
        <prop v="flat" k="capstyle"/>
        <prop v="5;2" k="customdash"/>
        <prop v="3x:0,0,0,0,0,0" k="customdash_map_unit_scale"/>
        <prop v="MM" k="customdash_unit"/>
        <prop v="0" k="draw_inside_polygon"/>
        <prop v="round" k="joinstyle"/>
        <prop v="211,255,190,255" k="line_color"/>
        <prop v="solid" k="line_style"/>
        <prop v="1.25" k="line_width"/>
        <prop v="Point" k="line_width_unit"/>
        <prop v="0" k="offset"/>
        <prop v="3x:0,0,0,0,0,0" k="offset_map_unit_scale"/>
        <prop v="Point" k="offset_unit"/>
        <prop v="0" k="ring_filter"/>
        <prop v="0" k="use_custom_dash"/>
        <prop v="3x:0,0,0,0,0,0" k="width_map_unit_scale"/>
        <data_defined_properties>
          <Option type="Map">
            <Option name="name" value="" type="QString"/>
            <Option name="properties"/>
            <Option name="type" value="collection" type="QString"/>
          </Option>
        </data_defined_properties>
      </layer>
    </symbol>
    <symbol clip_to_extent="1" tags="multilayer,orange" alpha="1" force_rhr="0" name="GravityMain - Default" type="line">
      <layer enabled="1" class="SimpleLine" locked="1" pass="0">
        <prop v="flat" k="capstyle"/>
        <prop v="5;2" k="customdash"/>
        <prop v="3x:0,0,0,0,0,0" k="customdash_map_unit_scale"/>
        <prop v="MM" k="customdash_unit"/>
        <prop v="0" k="draw_inside_polygon"/>
        <prop v="round" k="joinstyle"/>
        <prop v="0,0,0,255" k="line_color"/>
        <prop v="solid" k="line_style"/>
        <prop v="2.5" k="line_width"/>
        <prop v="Point" k="line_width_unit"/>
        <prop v="0" k="offset"/>
        <prop v="3x:0,0,0,0,0,0" k="offset_map_unit_scale"/>
        <prop v="Point" k="offset_unit"/>
        <prop v="0" k="ring_filter"/>
        <prop v="0" k="use_custom_dash"/>
        <prop v="3x:0,0,0,0,0,0" k="width_map_unit_scale"/>
        <data_defined_properties>
          <Option type="Map">
            <Option name="name" value="" type="QString"/>
            <Option name="properties"/>
            <Option name="type" value="collection" type="QString"/>
          </Option>
        </data_defined_properties>
      </layer>
      <layer enabled="1" class="SimpleLine" locked="0" pass="0">
        <prop v="flat" k="capstyle"/>
        <prop v="5;2" k="customdash"/>
        <prop v="3x:0,0,0,0,0,0" k="customdash_map_unit_scale"/>
        <prop v="MM" k="customdash_unit"/>
        <prop v="0" k="draw_inside_polygon"/>
        <prop v="round" k="joinstyle"/>
        <prop v="255,170,0,255" k="line_color"/>
        <prop v="solid" k="line_style"/>
        <prop v="1.25" k="line_width"/>
        <prop v="Point" k="line_width_unit"/>
        <prop v="0" k="offset"/>
        <prop v="3x:0,0,0,0,0,0" k="offset_map_unit_scale"/>
        <prop v="Point" k="offset_unit"/>
        <prop v="0" k="ring_filter"/>
        <prop v="0" k="use_custom_dash"/>
        <prop v="3x:0,0,0,0,0,0" k="width_map_unit_scale"/>
        <data_defined_properties>
          <Option type="Map">
            <Option name="name" value="" type="QString"/>
            <Option name="properties"/>
            <Option name="type" value="collection" type="QString"/>
          </Option>
        </data_defined_properties>
      </layer>
    </symbol>
    <symbol clip_to_extent="1" tags="orange,simple,solid" alpha="1" force_rhr="0" name="HydrantLaterals" type="line">
      <layer enabled="1" class="SimpleLine" locked="0" pass="0">
        <prop v="square" k="capstyle"/>
        <prop v="5;2" k="customdash"/>
        <prop v="3x:0,0,0,0,0,0" k="customdash_map_unit_scale"/>
        <prop v="MM" k="customdash_unit"/>
        <prop v="0" k="draw_inside_polygon"/>
        <prop v="bevel" k="joinstyle"/>
        <prop v="230,76,0,255" k="line_color"/>
        <prop v="solid" k="line_style"/>
        <prop v="1.5" k="line_width"/>
        <prop v="Point" k="line_width_unit"/>
        <prop v="0" k="offset"/>
        <prop v="3x:0,0,0,0,0,0" k="offset_map_unit_scale"/>
        <prop v="MM" k="offset_unit"/>
        <prop v="0" k="ring_filter"/>
        <prop v="0" k="use_custom_dash"/>
        <prop v="3x:0,0,0,0,0,0" k="width_map_unit_scale"/>
        <data_defined_properties>
          <Option type="Map">
            <Option name="name" value="" type="QString"/>
            <Option name="properties"/>
            <Option name="type" value="collection" type="QString"/>
          </Option>
        </data_defined_properties>
      </layer>
    </symbol>
    <symbol clip_to_extent="1" tags="blue,cartographic" alpha="1" force_rhr="0" name="Industrial" type="line">
      <layer enabled="1" class="SimpleLine" locked="0" pass="0">
        <prop v="flat" k="capstyle"/>
        <prop v="5;2" k="customdash"/>
        <prop v="3x:0,0,0,0,0,0" k="customdash_map_unit_scale"/>
        <prop v="MM" k="customdash_unit"/>
        <prop v="0" k="draw_inside_polygon"/>
        <prop v="round" k="joinstyle"/>
        <prop v="0,56,147,255" k="line_color"/>
        <prop v="solid" k="line_style"/>
        <prop v="1.5" k="line_width"/>
        <prop v="Point" k="line_width_unit"/>
        <prop v="0" k="offset"/>
        <prop v="3x:0,0,0,0,0,0" k="offset_map_unit_scale"/>
        <prop v="Point" k="offset_unit"/>
        <prop v="0" k="ring_filter"/>
        <prop v="0" k="use_custom_dash"/>
        <prop v="3x:0,0,0,0,0,0" k="width_map_unit_scale"/>
        <data_defined_properties>
          <Option type="Map">
            <Option name="name" value="" type="QString"/>
            <Option name="properties"/>
            <Option name="type" value="collection" type="QString"/>
          </Option>
        </data_defined_properties>
      </layer>
    </symbol>
    <symbol clip_to_extent="1" tags="multilayer,gray" alpha="1" force_rhr="0" name="InlineStorage" type="line">
      <layer enabled="1" class="SimpleLine" locked="0" pass="0">
        <prop v="flat" k="capstyle"/>
        <prop v="5;2" k="customdash"/>
        <prop v="3x:0,0,0,0,0,0" k="customdash_map_unit_scale"/>
        <prop v="MM" k="customdash_unit"/>
        <prop v="0" k="draw_inside_polygon"/>
        <prop v="round" k="joinstyle"/>
        <prop v="104,104,104,255" k="line_color"/>
        <prop v="solid" k="line_style"/>
        <prop v="3" k="line_width"/>
        <prop v="Point" k="line_width_unit"/>
        <prop v="0" k="offset"/>
        <prop v="3x:0,0,0,0,0,0" k="offset_map_unit_scale"/>
        <prop v="Point" k="offset_unit"/>
        <prop v="0" k="ring_filter"/>
        <prop v="0" k="use_custom_dash"/>
        <prop v="3x:0,0,0,0,0,0" k="width_map_unit_scale"/>
        <data_defined_properties>
          <Option type="Map">
            <Option name="name" value="" type="QString"/>
            <Option name="properties"/>
            <Option name="type" value="collection" type="QString"/>
          </Option>
        </data_defined_properties>
      </layer>
      <layer enabled="1" class="SimpleLine" locked="1" pass="0">
        <prop v="flat" k="capstyle"/>
        <prop v="5;5" k="customdash"/>
        <prop v="3x:0,0,0,0,0,0" k="customdash_map_unit_scale"/>
        <prop v="Point" k="customdash_unit"/>
        <prop v="0" k="draw_inside_polygon"/>
        <prop v="round" k="joinstyle"/>
        <prop v="76,230,0,255" k="line_color"/>
        <prop v="solid" k="line_style"/>
        <prop v="2" k="line_width"/>
        <prop v="Point" k="line_width_unit"/>
        <prop v="0" k="offset"/>
        <prop v="3x:0,0,0,0,0,0" k="offset_map_unit_scale"/>
        <prop v="Point" k="offset_unit"/>
        <prop v="0" k="ring_filter"/>
        <prop v="1" k="use_custom_dash"/>
        <prop v="3x:0,0,0,0,0,0" k="width_map_unit_scale"/>
        <data_defined_properties>
          <Option type="Map">
            <Option name="name" value="" type="QString"/>
            <Option name="properties"/>
            <Option name="type" value="collection" type="QString"/>
          </Option>
        </data_defined_properties>
      </layer>
    </symbol>
    <symbol clip_to_extent="1" tags="multilayer,orange" alpha="1" force_rhr="0" name="Interceptor" type="line">
      <layer enabled="1" class="SimpleLine" locked="1" pass="0">
        <prop v="flat" k="capstyle"/>
        <prop v="5;2" k="customdash"/>
        <prop v="3x:0,0,0,0,0,0" k="customdash_map_unit_scale"/>
        <prop v="MM" k="customdash_unit"/>
        <prop v="0" k="draw_inside_polygon"/>
        <prop v="round" k="joinstyle"/>
        <prop v="0,0,0,255" k="line_color"/>
        <prop v="solid" k="line_style"/>
        <prop v="2.5" k="line_width"/>
        <prop v="Point" k="line_width_unit"/>
        <prop v="0" k="offset"/>
        <prop v="3x:0,0,0,0,0,0" k="offset_map_unit_scale"/>
        <prop v="Point" k="offset_unit"/>
        <prop v="0" k="ring_filter"/>
        <prop v="0" k="use_custom_dash"/>
        <prop v="3x:0,0,0,0,0,0" k="width_map_unit_scale"/>
        <data_defined_properties>
          <Option type="Map">
            <Option name="name" value="" type="QString"/>
            <Option name="properties"/>
            <Option name="type" value="collection" type="QString"/>
          </Option>
        </data_defined_properties>
      </layer>
      <layer enabled="1" class="SimpleLine" locked="0" pass="0">
        <prop v="flat" k="capstyle"/>
        <prop v="5;2" k="customdash"/>
        <prop v="3x:0,0,0,0,0,0" k="customdash_map_unit_scale"/>
        <prop v="MM" k="customdash_unit"/>
        <prop v="0" k="draw_inside_polygon"/>
        <prop v="round" k="joinstyle"/>
        <prop v="255,85,0,255" k="line_color"/>
        <prop v="solid" k="line_style"/>
        <prop v="1.25" k="line_width"/>
        <prop v="Point" k="line_width_unit"/>
        <prop v="0" k="offset"/>
        <prop v="3x:0,0,0,0,0,0" k="offset_map_unit_scale"/>
        <prop v="Point" k="offset_unit"/>
        <prop v="0" k="ring_filter"/>
        <prop v="0" k="use_custom_dash"/>
        <prop v="3x:0,0,0,0,0,0" k="width_map_unit_scale"/>
        <data_defined_properties>
          <Option type="Map">
            <Option name="name" value="" type="QString"/>
            <Option name="properties"/>
            <Option name="type" value="collection" type="QString"/>
          </Option>
        </data_defined_properties>
      </layer>
    </symbol>
    <symbol clip_to_extent="1" tags="multilayer,yellow" alpha="1" force_rhr="0" name="Interconnect" type="line">
      <layer enabled="1" class="SimpleLine" locked="1" pass="0">
        <prop v="square" k="capstyle"/>
        <prop v="5;2" k="customdash"/>
        <prop v="3x:0,0,0,0,0,0" k="customdash_map_unit_scale"/>
        <prop v="MM" k="customdash_unit"/>
        <prop v="0" k="draw_inside_polygon"/>
        <prop v="bevel" k="joinstyle"/>
        <prop v="0,0,0,255" k="line_color"/>
        <prop v="solid" k="line_style"/>
        <prop v="3" k="line_width"/>
        <prop v="Point" k="line_width_unit"/>
        <prop v="0" k="offset"/>
        <prop v="3x:0,0,0,0,0,0" k="offset_map_unit_scale"/>
        <prop v="MM" k="offset_unit"/>
        <prop v="0" k="ring_filter"/>
        <prop v="0" k="use_custom_dash"/>
        <prop v="3x:0,0,0,0,0,0" k="width_map_unit_scale"/>
        <data_defined_properties>
          <Option type="Map">
            <Option name="name" value="" type="QString"/>
            <Option name="properties"/>
            <Option name="type" value="collection" type="QString"/>
          </Option>
        </data_defined_properties>
      </layer>
      <layer enabled="1" class="SimpleLine" locked="0" pass="0">
        <prop v="square" k="capstyle"/>
        <prop v="5;2" k="customdash"/>
        <prop v="3x:0,0,0,0,0,0" k="customdash_map_unit_scale"/>
        <prop v="MM" k="customdash_unit"/>
        <prop v="0" k="draw_inside_polygon"/>
        <prop v="bevel" k="joinstyle"/>
        <prop v="255,255,0,255" k="line_color"/>
        <prop v="solid" k="line_style"/>
        <prop v="2" k="line_width"/>
        <prop v="Point" k="line_width_unit"/>
        <prop v="0" k="offset"/>
        <prop v="3x:0,0,0,0,0,0" k="offset_map_unit_scale"/>
        <prop v="MM" k="offset_unit"/>
        <prop v="0" k="ring_filter"/>
        <prop v="0" k="use_custom_dash"/>
        <prop v="3x:0,0,0,0,0,0" k="width_map_unit_scale"/>
        <data_defined_properties>
          <Option type="Map">
            <Option name="name" value="" type="QString"/>
            <Option name="properties"/>
            <Option name="type" value="collection" type="QString"/>
          </Option>
        </data_defined_properties>
      </layer>
    </symbol>
    <symbol clip_to_extent="1" tags="multilayer,green" alpha="1" force_rhr="0" name="InvertedSiphon" type="line">
      <layer enabled="1" class="SimpleLine" locked="0" pass="0">
        <prop v="square" k="capstyle"/>
        <prop v="5;2" k="customdash"/>
        <prop v="3x:0,0,0,0,0,0" k="customdash_map_unit_scale"/>
        <prop v="MM" k="customdash_unit"/>
        <prop v="0" k="draw_inside_polygon"/>
        <prop v="bevel" k="joinstyle"/>
        <prop v="76,115,0,255" k="line_color"/>
        <prop v="solid" k="line_style"/>
        <prop v="2" k="line_width"/>
        <prop v="Point" k="line_width_unit"/>
        <prop v="0" k="offset"/>
        <prop v="3x:0,0,0,0,0,0" k="offset_map_unit_scale"/>
        <prop v="MM" k="offset_unit"/>
        <prop v="0" k="ring_filter"/>
        <prop v="0" k="use_custom_dash"/>
        <prop v="3x:0,0,0,0,0,0" k="width_map_unit_scale"/>
        <data_defined_properties>
          <Option type="Map">
            <Option name="name" value="" type="QString"/>
            <Option name="properties"/>
            <Option name="type" value="collection" type="QString"/>
          </Option>
        </data_defined_properties>
      </layer>
      <layer enabled="1" class="SimpleLine" locked="1" pass="0">
        <prop v="square" k="capstyle"/>
        <prop v="5;2" k="customdash"/>
        <prop v="3x:0,0,0,0,0,0" k="customdash_map_unit_scale"/>
        <prop v="MM" k="customdash_unit"/>
        <prop v="0" k="draw_inside_polygon"/>
        <prop v="bevel" k="joinstyle"/>
        <prop v="255,255,255,255" k="line_color"/>
        <prop v="solid" k="line_style"/>
        <prop v="0.7" k="line_width"/>
        <prop v="Point" k="line_width_unit"/>
        <prop v="0" k="offset"/>
        <prop v="3x:0,0,0,0,0,0" k="offset_map_unit_scale"/>
        <prop v="MM" k="offset_unit"/>
        <prop v="0" k="ring_filter"/>
        <prop v="0" k="use_custom_dash"/>
        <prop v="3x:0,0,0,0,0,0" k="width_map_unit_scale"/>
        <data_defined_properties>
          <Option type="Map">
            <Option name="name" value="" type="QString"/>
            <Option name="properties"/>
            <Option name="type" value="collection" type="QString"/>
          </Option>
        </data_defined_properties>
      </layer>
    </symbol>
    <symbol clip_to_extent="1" tags="blue,simple,solid" alpha="1" force_rhr="0" name="Irrigation" type="line">
      <layer enabled="1" class="SimpleLine" locked="0" pass="0">
        <prop v="square" k="capstyle"/>
        <prop v="5;2" k="customdash"/>
        <prop v="3x:0,0,0,0,0,0" k="customdash_map_unit_scale"/>
        <prop v="MM" k="customdash_unit"/>
        <prop v="0" k="draw_inside_polygon"/>
        <prop v="bevel" k="joinstyle"/>
        <prop v="0,255,197,255" k="line_color"/>
        <prop v="solid" k="line_style"/>
        <prop v="1.5" k="line_width"/>
        <prop v="Point" k="line_width_unit"/>
        <prop v="0" k="offset"/>
        <prop v="3x:0,0,0,0,0,0" k="offset_map_unit_scale"/>
        <prop v="MM" k="offset_unit"/>
        <prop v="0" k="ring_filter"/>
        <prop v="0" k="use_custom_dash"/>
        <prop v="3x:0,0,0,0,0,0" k="width_map_unit_scale"/>
        <data_defined_properties>
          <Option type="Map">
            <Option name="name" value="" type="QString"/>
            <Option name="properties"/>
            <Option name="type" value="collection" type="QString"/>
          </Option>
        </data_defined_properties>
      </layer>
    </symbol>
    <symbol clip_to_extent="1" tags="hsv,yellow,simple" alpha="1" force_rhr="0" name="JunctionChamber" type="fill">
      <layer enabled="1" class="SimpleFill" locked="0" pass="0">
        <prop v="3x:0,0,0,0,0,0" k="border_width_map_unit_scale"/>
        <prop v="157,161,92,255" k="color"/>
        <prop v="bevel" k="joinstyle"/>
        <prop v="0,0" k="offset"/>
        <prop v="3x:0,0,0,0,0,0" k="offset_map_unit_scale"/>
        <prop v="MM" k="offset_unit"/>
        <prop v="0,0,0,255" k="outline_color"/>
        <prop v="solid" k="outline_style"/>
        <prop v="0.1" k="outline_width"/>
        <prop v="Point" k="outline_width_unit"/>
        <prop v="solid" k="style"/>
        <data_defined_properties>
          <Option type="Map">
            <Option name="name" value="" type="QString"/>
            <Option name="properties"/>
            <Option name="type" value="collection" type="QString"/>
          </Option>
        </data_defined_properties>
      </layer>
    </symbol>
    <symbol clip_to_extent="1" tags="black,simple,solid" alpha="1" force_rhr="0" name="LateralLine - Default" type="line">
      <layer enabled="1" class="SimpleLine" locked="0" pass="0">
        <prop v="square" k="capstyle"/>
        <prop v="5;2" k="customdash"/>
        <prop v="3x:0,0,0,0,0,0" k="customdash_map_unit_scale"/>
        <prop v="MM" k="customdash_unit"/>
        <prop v="0" k="draw_inside_polygon"/>
        <prop v="bevel" k="joinstyle"/>
        <prop v="0,0,0,255" k="line_color"/>
        <prop v="solid" k="line_style"/>
        <prop v="1.5" k="line_width"/>
        <prop v="Point" k="line_width_unit"/>
        <prop v="0" k="offset"/>
        <prop v="3x:0,0,0,0,0,0" k="offset_map_unit_scale"/>
        <prop v="MM" k="offset_unit"/>
        <prop v="0" k="ring_filter"/>
        <prop v="0" k="use_custom_dash"/>
        <prop v="3x:0,0,0,0,0,0" k="width_map_unit_scale"/>
        <data_defined_properties>
          <Option type="Map">
            <Option name="name" value="" type="QString"/>
            <Option name="properties"/>
            <Option name="type" value="collection" type="QString"/>
          </Option>
        </data_defined_properties>
      </layer>
    </symbol>
    <symbol clip_to_extent="1" tags="hsv,yellow,simple" alpha="1" force_rhr="0" name="LiftStation" type="fill">
      <layer enabled="1" class="SimpleFill" locked="0" pass="0">
        <prop v="3x:0,0,0,0,0,0" k="border_width_map_unit_scale"/>
        <prop v="214,217,128,255" k="color"/>
        <prop v="bevel" k="joinstyle"/>
        <prop v="0,0" k="offset"/>
        <prop v="3x:0,0,0,0,0,0" k="offset_map_unit_scale"/>
        <prop v="MM" k="offset_unit"/>
        <prop v="0,0,0,255" k="outline_color"/>
        <prop v="solid" k="outline_style"/>
        <prop v="0.1" k="outline_width"/>
        <prop v="Point" k="outline_width_unit"/>
        <prop v="solid" k="style"/>
        <data_defined_properties>
          <Option type="Map">
            <Option name="name" value="" type="QString"/>
            <Option name="properties"/>
            <Option name="type" value="collection" type="QString"/>
          </Option>
        </data_defined_properties>
      </layer>
    </symbol>
    <symbol clip_to_extent="1" tags="hsv,yellow,simple" alpha="1" force_rhr="0" name="MeterBox" type="fill">
      <layer enabled="1" class="SimpleFill" locked="0" pass="0">
        <prop v="3x:0,0,0,0,0,0" k="border_width_map_unit_scale"/>
        <prop v="229,221,53,255" k="color"/>
        <prop v="bevel" k="joinstyle"/>
        <prop v="0,0" k="offset"/>
        <prop v="3x:0,0,0,0,0,0" k="offset_map_unit_scale"/>
        <prop v="MM" k="offset_unit"/>
        <prop v="0,0,0,255" k="outline_color"/>
        <prop v="solid" k="outline_style"/>
        <prop v="0.5" k="outline_width"/>
        <prop v="Point" k="outline_width_unit"/>
        <prop v="solid" k="style"/>
        <data_defined_properties>
          <Option type="Map">
            <Option name="name" value="" type="QString"/>
            <Option name="properties"/>
            <Option name="type" value="collection" type="QString"/>
          </Option>
        </data_defined_properties>
      </layer>
    </symbol>
    <symbol clip_to_extent="1" tags="multilayer,blue" alpha="1" force_rhr="0" name="OpenChannel" type="line">
      <layer enabled="1" class="SimpleLine" locked="1" pass="0">
        <prop v="square" k="capstyle"/>
        <prop v="5;2" k="customdash"/>
        <prop v="3x:0,0,0,0,0,0" k="customdash_map_unit_scale"/>
        <prop v="MM" k="customdash_unit"/>
        <prop v="0" k="draw_inside_polygon"/>
        <prop v="bevel" k="joinstyle"/>
        <prop v="0,0,0,255" k="line_color"/>
        <prop v="solid" k="line_style"/>
        <prop v="3" k="line_width"/>
        <prop v="Point" k="line_width_unit"/>
        <prop v="0" k="offset"/>
        <prop v="3x:0,0,0,0,0,0" k="offset_map_unit_scale"/>
        <prop v="MM" k="offset_unit"/>
        <prop v="0" k="ring_filter"/>
        <prop v="0" k="use_custom_dash"/>
        <prop v="3x:0,0,0,0,0,0" k="width_map_unit_scale"/>
        <data_defined_properties>
          <Option type="Map">
            <Option name="name" value="" type="QString"/>
            <Option name="properties"/>
            <Option name="type" value="collection" type="QString"/>
          </Option>
        </data_defined_properties>
      </layer>
      <layer enabled="1" class="SimpleLine" locked="0" pass="0">
        <prop v="square" k="capstyle"/>
        <prop v="5;2" k="customdash"/>
        <prop v="3x:0,0,0,0,0,0" k="customdash_map_unit_scale"/>
        <prop v="MM" k="customdash_unit"/>
        <prop v="0" k="draw_inside_polygon"/>
        <prop v="bevel" k="joinstyle"/>
        <prop v="190,232,255,255" k="line_color"/>
        <prop v="solid" k="line_style"/>
        <prop v="2" k="line_width"/>
        <prop v="Point" k="line_width_unit"/>
        <prop v="0" k="offset"/>
        <prop v="3x:0,0,0,0,0,0" k="offset_map_unit_scale"/>
        <prop v="MM" k="offset_unit"/>
        <prop v="0" k="ring_filter"/>
        <prop v="0" k="use_custom_dash"/>
        <prop v="3x:0,0,0,0,0,0" k="width_map_unit_scale"/>
        <data_defined_properties>
          <Option type="Map">
            <Option name="name" value="" type="QString"/>
            <Option name="properties"/>
            <Option name="type" value="collection" type="QString"/>
          </Option>
        </data_defined_properties>
      </layer>
    </symbol>
    <symbol clip_to_extent="1" tags="multilayer,orange" alpha="1" force_rhr="0" name="Outfall" type="line">
      <layer enabled="1" class="SimpleLine" locked="0" pass="0">
        <prop v="square" k="capstyle"/>
        <prop v="5;2" k="customdash"/>
        <prop v="3x:0,0,0,0,0,0" k="customdash_map_unit_scale"/>
        <prop v="MM" k="customdash_unit"/>
        <prop v="0" k="draw_inside_polygon"/>
        <prop v="bevel" k="joinstyle"/>
        <prop v="168,112,0,255" k="line_color"/>
        <prop v="solid" k="line_style"/>
        <prop v="2" k="line_width"/>
        <prop v="Point" k="line_width_unit"/>
        <prop v="0" k="offset"/>
        <prop v="3x:0,0,0,0,0,0" k="offset_map_unit_scale"/>
        <prop v="MM" k="offset_unit"/>
        <prop v="0" k="ring_filter"/>
        <prop v="0" k="use_custom_dash"/>
        <prop v="3x:0,0,0,0,0,0" k="width_map_unit_scale"/>
        <data_defined_properties>
          <Option type="Map">
            <Option name="name" value="" type="QString"/>
            <Option name="properties"/>
            <Option name="type" value="collection" type="QString"/>
          </Option>
        </data_defined_properties>
      </layer>
      <layer enabled="1" class="SimpleLine" locked="1" pass="0">
        <prop v="square" k="capstyle"/>
        <prop v="5;2" k="customdash"/>
        <prop v="3x:0,0,0,0,0,0" k="customdash_map_unit_scale"/>
        <prop v="MM" k="customdash_unit"/>
        <prop v="0" k="draw_inside_polygon"/>
        <prop v="bevel" k="joinstyle"/>
        <prop v="255,255,255,255" k="line_color"/>
        <prop v="solid" k="line_style"/>
        <prop v="0.7" k="line_width"/>
        <prop v="Point" k="line_width_unit"/>
        <prop v="0" k="offset"/>
        <prop v="3x:0,0,0,0,0,0" k="offset_map_unit_scale"/>
        <prop v="MM" k="offset_unit"/>
        <prop v="0" k="ring_filter"/>
        <prop v="0" k="use_custom_dash"/>
        <prop v="3x:0,0,0,0,0,0" k="width_map_unit_scale"/>
        <data_defined_properties>
          <Option type="Map">
            <Option name="name" value="" type="QString"/>
            <Option name="properties"/>
            <Option name="type" value="collection" type="QString"/>
          </Option>
        </data_defined_properties>
      </layer>
    </symbol>
    <symbol clip_to_extent="1" tags="multilayer,blue" alpha="1" force_rhr="0" name="Overflow" type="line">
      <layer enabled="1" class="SimpleLine" locked="0" pass="0">
        <prop v="square" k="capstyle"/>
        <prop v="5;2" k="customdash"/>
        <prop v="3x:0,0,0,0,0,0" k="customdash_map_unit_scale"/>
        <prop v="MM" k="customdash_unit"/>
        <prop v="0" k="draw_inside_polygon"/>
        <prop v="bevel" k="joinstyle"/>
        <prop v="0,76,115,255" k="line_color"/>
        <prop v="solid" k="line_style"/>
        <prop v="2" k="line_width"/>
        <prop v="Point" k="line_width_unit"/>
        <prop v="0" k="offset"/>
        <prop v="3x:0,0,0,0,0,0" k="offset_map_unit_scale"/>
        <prop v="MM" k="offset_unit"/>
        <prop v="0" k="ring_filter"/>
        <prop v="0" k="use_custom_dash"/>
        <prop v="3x:0,0,0,0,0,0" k="width_map_unit_scale"/>
        <data_defined_properties>
          <Option type="Map">
            <Option name="name" value="" type="QString"/>
            <Option name="properties"/>
            <Option name="type" value="collection" type="QString"/>
          </Option>
        </data_defined_properties>
      </layer>
      <layer enabled="1" class="SimpleLine" locked="1" pass="0">
        <prop v="square" k="capstyle"/>
        <prop v="5;2" k="customdash"/>
        <prop v="3x:0,0,0,0,0,0" k="customdash_map_unit_scale"/>
        <prop v="MM" k="customdash_unit"/>
        <prop v="0" k="draw_inside_polygon"/>
        <prop v="bevel" k="joinstyle"/>
        <prop v="255,255,255,255" k="line_color"/>
        <prop v="solid" k="line_style"/>
        <prop v="0.7" k="line_width"/>
        <prop v="Point" k="line_width_unit"/>
        <prop v="0" k="offset"/>
        <prop v="3x:0,0,0,0,0,0" k="offset_map_unit_scale"/>
        <prop v="MM" k="offset_unit"/>
        <prop v="0" k="ring_filter"/>
        <prop v="0" k="use_custom_dash"/>
        <prop v="3x:0,0,0,0,0,0" k="width_map_unit_scale"/>
        <data_defined_properties>
          <Option type="Map">
            <Option name="name" value="" type="QString"/>
            <Option name="properties"/>
            <Option name="type" value="collection" type="QString"/>
          </Option>
        </data_defined_properties>
      </layer>
    </symbol>
    <symbol clip_to_extent="1" tags="multilayer,black" alpha="1" force_rhr="0" name="PipeBridge" type="line">
      <layer enabled="1" class="SimpleLine" locked="0" pass="0">
        <prop v="flat" k="capstyle"/>
        <prop v="5;2" k="customdash"/>
        <prop v="3x:0,0,0,0,0,0" k="customdash_map_unit_scale"/>
        <prop v="MM" k="customdash_unit"/>
        <prop v="0" k="draw_inside_polygon"/>
        <prop v="round" k="joinstyle"/>
        <prop v="0,0,0,255" k="line_color"/>
        <prop v="solid" k="line_style"/>
        <prop v="3" k="line_width"/>
        <prop v="Point" k="line_width_unit"/>
        <prop v="0" k="offset"/>
        <prop v="3x:0,0,0,0,0,0" k="offset_map_unit_scale"/>
        <prop v="Point" k="offset_unit"/>
        <prop v="0" k="ring_filter"/>
        <prop v="0" k="use_custom_dash"/>
        <prop v="3x:0,0,0,0,0,0" k="width_map_unit_scale"/>
        <data_defined_properties>
          <Option type="Map">
            <Option name="name" value="" type="QString"/>
            <Option name="properties"/>
            <Option name="type" value="collection" type="QString"/>
          </Option>
        </data_defined_properties>
      </layer>
      <layer enabled="1" class="SimpleLine" locked="1" pass="0">
        <prop v="flat" k="capstyle"/>
        <prop v="5;5" k="customdash"/>
        <prop v="3x:0,0,0,0,0,0" k="customdash_map_unit_scale"/>
        <prop v="Point" k="customdash_unit"/>
        <prop v="0" k="draw_inside_polygon"/>
        <prop v="round" k="joinstyle"/>
        <prop v="190,255,232,255" k="line_color"/>
        <prop v="solid" k="line_style"/>
        <prop v="2" k="line_width"/>
        <prop v="Point" k="line_width_unit"/>
        <prop v="0" k="offset"/>
        <prop v="3x:0,0,0,0,0,0" k="offset_map_unit_scale"/>
        <prop v="Point" k="offset_unit"/>
        <prop v="0" k="ring_filter"/>
        <prop v="1" k="use_custom_dash"/>
        <prop v="3x:0,0,0,0,0,0" k="width_map_unit_scale"/>
        <data_defined_properties>
          <Option type="Map">
            <Option name="name" value="" type="QString"/>
            <Option name="properties"/>
            <Option name="type" value="collection" type="QString"/>
          </Option>
        </data_defined_properties>
      </layer>
    </symbol>
    <symbol clip_to_extent="1" tags="multilayer,purple" alpha="1" force_rhr="0" name="Pressure" type="line">
      <layer enabled="1" class="SimpleLine" locked="0" pass="0">
        <prop v="square" k="capstyle"/>
        <prop v="5;2" k="customdash"/>
        <prop v="3x:0,0,0,0,0,0" k="customdash_map_unit_scale"/>
        <prop v="MM" k="customdash_unit"/>
        <prop v="0" k="draw_inside_polygon"/>
        <prop v="bevel" k="joinstyle"/>
        <prop v="169,0,230,255" k="line_color"/>
        <prop v="solid" k="line_style"/>
        <prop v="2" k="line_width"/>
        <prop v="Point" k="line_width_unit"/>
        <prop v="0" k="offset"/>
        <prop v="3x:0,0,0,0,0,0" k="offset_map_unit_scale"/>
        <prop v="MM" k="offset_unit"/>
        <prop v="0" k="ring_filter"/>
        <prop v="0" k="use_custom_dash"/>
        <prop v="3x:0,0,0,0,0,0" k="width_map_unit_scale"/>
        <data_defined_properties>
          <Option type="Map">
            <Option name="name" value="" type="QString"/>
            <Option name="properties"/>
            <Option name="type" value="collection" type="QString"/>
          </Option>
        </data_defined_properties>
      </layer>
      <layer enabled="1" class="SimpleLine" locked="1" pass="0">
        <prop v="square" k="capstyle"/>
        <prop v="5;2" k="customdash"/>
        <prop v="3x:0,0,0,0,0,0" k="customdash_map_unit_scale"/>
        <prop v="MM" k="customdash_unit"/>
        <prop v="0" k="draw_inside_polygon"/>
        <prop v="bevel" k="joinstyle"/>
        <prop v="255,255,255,255" k="line_color"/>
        <prop v="solid" k="line_style"/>
        <prop v="0.7" k="line_width"/>
        <prop v="Point" k="line_width_unit"/>
        <prop v="0" k="offset"/>
        <prop v="3x:0,0,0,0,0,0" k="offset_map_unit_scale"/>
        <prop v="MM" k="offset_unit"/>
        <prop v="0" k="ring_filter"/>
        <prop v="0" k="use_custom_dash"/>
        <prop v="3x:0,0,0,0,0,0" k="width_map_unit_scale"/>
        <data_defined_properties>
          <Option type="Map">
            <Option name="name" value="" type="QString"/>
            <Option name="properties"/>
            <Option name="type" value="collection" type="QString"/>
          </Option>
        </data_defined_properties>
      </layer>
    </symbol>
    <symbol clip_to_extent="1" tags="multilayer,black" alpha="1" force_rhr="0" name="PressurizedMain - Default" type="line">
      <layer enabled="1" class="SimpleLine" locked="0" pass="0">
        <prop v="square" k="capstyle"/>
        <prop v="5;2" k="customdash"/>
        <prop v="3x:0,0,0,0,0,0" k="customdash_map_unit_scale"/>
        <prop v="MM" k="customdash_unit"/>
        <prop v="0" k="draw_inside_polygon"/>
        <prop v="bevel" k="joinstyle"/>
        <prop v="0,0,0,255" k="line_color"/>
        <prop v="solid" k="line_style"/>
        <prop v="2" k="line_width"/>
        <prop v="Point" k="line_width_unit"/>
        <prop v="0" k="offset"/>
        <prop v="3x:0,0,0,0,0,0" k="offset_map_unit_scale"/>
        <prop v="MM" k="offset_unit"/>
        <prop v="0" k="ring_filter"/>
        <prop v="0" k="use_custom_dash"/>
        <prop v="3x:0,0,0,0,0,0" k="width_map_unit_scale"/>
        <data_defined_properties>
          <Option type="Map">
            <Option name="name" value="" type="QString"/>
            <Option name="properties"/>
            <Option name="type" value="collection" type="QString"/>
          </Option>
        </data_defined_properties>
      </layer>
      <layer enabled="1" class="SimpleLine" locked="1" pass="0">
        <prop v="square" k="capstyle"/>
        <prop v="5;2" k="customdash"/>
        <prop v="3x:0,0,0,0,0,0" k="customdash_map_unit_scale"/>
        <prop v="MM" k="customdash_unit"/>
        <prop v="0" k="draw_inside_polygon"/>
        <prop v="bevel" k="joinstyle"/>
        <prop v="115,223,255,255" k="line_color"/>
        <prop v="solid" k="line_style"/>
        <prop v="0.7" k="line_width"/>
        <prop v="Point" k="line_width_unit"/>
        <prop v="0" k="offset"/>
        <prop v="3x:0,0,0,0,0,0" k="offset_map_unit_scale"/>
        <prop v="MM" k="offset_unit"/>
        <prop v="0" k="ring_filter"/>
        <prop v="0" k="use_custom_dash"/>
        <prop v="3x:0,0,0,0,0,0" k="width_map_unit_scale"/>
        <data_defined_properties>
          <Option type="Map">
            <Option name="name" value="" type="QString"/>
            <Option name="properties"/>
            <Option name="type" value="collection" type="QString"/>
          </Option>
        </data_defined_properties>
      </layer>
    </symbol>
    <symbol clip_to_extent="1" tags="hsv,green,simple" alpha="1" force_rhr="0" name="ProductionWell" type="fill">
      <layer enabled="1" class="SimpleFill" locked="0" pass="0">
        <prop v="3x:0,0,0,0,0,0" k="border_width_map_unit_scale"/>
        <prop v="183,227,138,255" k="color"/>
        <prop v="bevel" k="joinstyle"/>
        <prop v="0,0" k="offset"/>
        <prop v="3x:0,0,0,0,0,0" k="offset_map_unit_scale"/>
        <prop v="MM" k="offset_unit"/>
        <prop v="0,0,0,255" k="outline_color"/>
        <prop v="solid" k="outline_style"/>
        <prop v="0.1" k="outline_width"/>
        <prop v="Point" k="outline_width_unit"/>
        <prop v="solid" k="style"/>
        <data_defined_properties>
          <Option type="Map">
            <Option name="name" value="" type="QString"/>
            <Option name="properties"/>
            <Option name="type" value="collection" type="QString"/>
          </Option>
        </data_defined_properties>
      </layer>
    </symbol>
    <symbol clip_to_extent="1" tags="purple,simple" alpha="1" force_rhr="0" name="ProtectiveTunnel" type="fill">
      <layer enabled="1" class="SimpleFill" locked="0" pass="0">
        <prop v="3x:0,0,0,0,0,0" k="border_width_map_unit_scale"/>
        <prop v="169,0,230,255" k="color"/>
        <prop v="bevel" k="joinstyle"/>
        <prop v="0,0" k="offset"/>
        <prop v="3x:0,0,0,0,0,0" k="offset_map_unit_scale"/>
        <prop v="MM" k="offset_unit"/>
        <prop v="0,0,0,255" k="outline_color"/>
        <prop v="solid" k="outline_style"/>
        <prop v="0.5" k="outline_width"/>
        <prop v="Point" k="outline_width_unit"/>
        <prop v="solid" k="style"/>
        <data_defined_properties>
          <Option type="Map">
            <Option name="name" value="" type="QString"/>
            <Option name="properties"/>
            <Option name="type" value="collection" type="QString"/>
          </Option>
        </data_defined_properties>
      </layer>
    </symbol>
    <symbol clip_to_extent="1" tags="hsv,blue,simple" alpha="1" force_rhr="0" name="PumpStation" type="fill">
      <layer enabled="1" class="SimpleFill" locked="0" pass="0">
        <prop v="3x:0,0,0,0,0,0" k="border_width_map_unit_scale"/>
        <prop v="101,163,160,255" k="color"/>
        <prop v="bevel" k="joinstyle"/>
        <prop v="0,0" k="offset"/>
        <prop v="3x:0,0,0,0,0,0" k="offset_map_unit_scale"/>
        <prop v="MM" k="offset_unit"/>
        <prop v="0,0,0,255" k="outline_color"/>
        <prop v="solid" k="outline_style"/>
        <prop v="0.1" k="outline_width"/>
        <prop v="Point" k="outline_width_unit"/>
        <prop v="solid" k="style"/>
        <data_defined_properties>
          <Option type="Map">
            <Option name="name" value="" type="QString"/>
            <Option name="properties"/>
            <Option name="type" value="collection" type="QString"/>
          </Option>
        </data_defined_properties>
      </layer>
    </symbol>
    <symbol clip_to_extent="1" tags="multilayer,red" alpha="1" force_rhr="0" name="SamplingStation" type="line">
      <layer enabled="1" class="SimpleLine" locked="0" pass="0">
        <prop v="square" k="capstyle"/>
        <prop v="5;2" k="customdash"/>
        <prop v="3x:0,0,0,0,0,0" k="customdash_map_unit_scale"/>
        <prop v="MM" k="customdash_unit"/>
        <prop v="0" k="draw_inside_polygon"/>
        <prop v="bevel" k="joinstyle"/>
        <prop v="230,0,0,255" k="line_color"/>
        <prop v="solid" k="line_style"/>
        <prop v="2" k="line_width"/>
        <prop v="Point" k="line_width_unit"/>
        <prop v="0" k="offset"/>
        <prop v="3x:0,0,0,0,0,0" k="offset_map_unit_scale"/>
        <prop v="MM" k="offset_unit"/>
        <prop v="0" k="ring_filter"/>
        <prop v="0" k="use_custom_dash"/>
        <prop v="3x:0,0,0,0,0,0" k="width_map_unit_scale"/>
        <data_defined_properties>
          <Option type="Map">
            <Option name="name" value="" type="QString"/>
            <Option name="properties"/>
            <Option name="type" value="collection" type="QString"/>
          </Option>
        </data_defined_properties>
      </layer>
      <layer enabled="1" class="SimpleLine" locked="1" pass="0">
        <prop v="square" k="capstyle"/>
        <prop v="5;2" k="customdash"/>
        <prop v="3x:0,0,0,0,0,0" k="customdash_map_unit_scale"/>
        <prop v="MM" k="customdash_unit"/>
        <prop v="0" k="draw_inside_polygon"/>
        <prop v="bevel" k="joinstyle"/>
        <prop v="255,255,255,255" k="line_color"/>
        <prop v="solid" k="line_style"/>
        <prop v="0.7" k="line_width"/>
        <prop v="Point" k="line_width_unit"/>
        <prop v="0" k="offset"/>
        <prop v="3x:0,0,0,0,0,0" k="offset_map_unit_scale"/>
        <prop v="MM" k="offset_unit"/>
        <prop v="0" k="ring_filter"/>
        <prop v="0" k="use_custom_dash"/>
        <prop v="3x:0,0,0,0,0,0" k="width_map_unit_scale"/>
        <data_defined_properties>
          <Option type="Map">
            <Option name="name" value="" type="QString"/>
            <Option name="properties"/>
            <Option name="type" value="collection" type="QString"/>
          </Option>
        </data_defined_properties>
      </layer>
    </symbol>
    <symbol clip_to_extent="1" tags="hsv,blue,simple" alpha="1" force_rhr="0" name="SplitManhole" type="fill">
      <layer enabled="1" class="SimpleFill" locked="0" pass="0">
        <prop v="3x:0,0,0,0,0,0" k="border_width_map_unit_scale"/>
        <prop v="166,224,222,255" k="color"/>
        <prop v="bevel" k="joinstyle"/>
        <prop v="0,0" k="offset"/>
        <prop v="3x:0,0,0,0,0,0" k="offset_map_unit_scale"/>
        <prop v="MM" k="offset_unit"/>
        <prop v="0,0,0,255" k="outline_color"/>
        <prop v="solid" k="outline_style"/>
        <prop v="0.1" k="outline_width"/>
        <prop v="Point" k="outline_width_unit"/>
        <prop v="solid" k="style"/>
        <data_defined_properties>
          <Option type="Map">
            <Option name="name" value="" type="QString"/>
            <Option name="properties"/>
            <Option name="type" value="collection" type="QString"/>
          </Option>
        </data_defined_properties>
      </layer>
    </symbol>
    <symbol clip_to_extent="1" tags="hsv,simple" alpha="1" force_rhr="0" name="StorageBasin" type="fill">
      <layer enabled="1" class="SimpleFill" locked="0" pass="0">
        <prop v="3x:0,0,0,0,0,0" k="border_width_map_unit_scale"/>
        <prop v="180,181,134,255" k="color"/>
        <prop v="bevel" k="joinstyle"/>
        <prop v="0,0" k="offset"/>
        <prop v="3x:0,0,0,0,0,0" k="offset_map_unit_scale"/>
        <prop v="MM" k="offset_unit"/>
        <prop v="0,0,0,255" k="outline_color"/>
        <prop v="solid" k="outline_style"/>
        <prop v="0.1" k="outline_width"/>
        <prop v="Point" k="outline_width_unit"/>
        <prop v="solid" k="style"/>
        <data_defined_properties>
          <Option type="Map">
            <Option name="name" value="" type="QString"/>
            <Option name="properties"/>
            <Option name="type" value="collection" type="QString"/>
          </Option>
        </data_defined_properties>
      </layer>
    </symbol>
    <symbol clip_to_extent="1" tags="hsv,green,simple" alpha="1" force_rhr="0" name="TideChamber" type="fill">
      <layer enabled="1" class="SimpleFill" locked="0" pass="0">
        <prop v="3x:0,0,0,0,0,0" k="border_width_map_unit_scale"/>
        <prop v="134,219,129,255" k="color"/>
        <prop v="bevel" k="joinstyle"/>
        <prop v="0,0" k="offset"/>
        <prop v="3x:0,0,0,0,0,0" k="offset_map_unit_scale"/>
        <prop v="MM" k="offset_unit"/>
        <prop v="0,0,0,255" k="outline_color"/>
        <prop v="solid" k="outline_style"/>
        <prop v="0.1" k="outline_width"/>
        <prop v="Point" k="outline_width_unit"/>
        <prop v="solid" k="style"/>
        <data_defined_properties>
          <Option type="Map">
            <Option name="name" value="" type="QString"/>
            <Option name="properties"/>
            <Option name="type" value="collection" type="QString"/>
          </Option>
        </data_defined_properties>
      </layer>
    </symbol>
    <symbol clip_to_extent="1" tags="multilayer,orange" alpha="1" force_rhr="0" name="TransmissionMain" type="line">
      <layer enabled="1" class="SimpleLine" locked="1" pass="0">
        <prop v="flat" k="capstyle"/>
        <prop v="5;2" k="customdash"/>
        <prop v="3x:0,0,0,0,0,0" k="customdash_map_unit_scale"/>
        <prop v="MM" k="customdash_unit"/>
        <prop v="0" k="draw_inside_polygon"/>
        <prop v="round" k="joinstyle"/>
        <prop v="0,0,0,255" k="line_color"/>
        <prop v="solid" k="line_style"/>
        <prop v="3" k="line_width"/>
        <prop v="Point" k="line_width_unit"/>
        <prop v="0" k="offset"/>
        <prop v="3x:0,0,0,0,0,0" k="offset_map_unit_scale"/>
        <prop v="Point" k="offset_unit"/>
        <prop v="0" k="ring_filter"/>
        <prop v="0" k="use_custom_dash"/>
        <prop v="3x:0,0,0,0,0,0" k="width_map_unit_scale"/>
        <data_defined_properties>
          <Option type="Map">
            <Option name="name" value="" type="QString"/>
            <Option name="properties"/>
            <Option name="type" value="collection" type="QString"/>
          </Option>
        </data_defined_properties>
      </layer>
      <layer enabled="1" class="SimpleLine" locked="0" pass="0">
        <prop v="flat" k="capstyle"/>
        <prop v="5;2" k="customdash"/>
        <prop v="3x:0,0,0,0,0,0" k="customdash_map_unit_scale"/>
        <prop v="MM" k="customdash_unit"/>
        <prop v="0" k="draw_inside_polygon"/>
        <prop v="round" k="joinstyle"/>
        <prop v="255,211,127,255" k="line_color"/>
        <prop v="solid" k="line_style"/>
        <prop v="1.5" k="line_width"/>
        <prop v="Point" k="line_width_unit"/>
        <prop v="0" k="offset"/>
        <prop v="3x:0,0,0,0,0,0" k="offset_map_unit_scale"/>
        <prop v="Point" k="offset_unit"/>
        <prop v="0" k="ring_filter"/>
        <prop v="0" k="use_custom_dash"/>
        <prop v="3x:0,0,0,0,0,0" k="width_map_unit_scale"/>
        <data_defined_properties>
          <Option type="Map">
            <Option name="name" value="" type="QString"/>
            <Option name="properties"/>
            <Option name="type" value="collection" type="QString"/>
          </Option>
        </data_defined_properties>
      </layer>
    </symbol>
    <symbol clip_to_extent="1" tags="multilayer" alpha="1" force_rhr="0" name="TransportPipe" type="line">
      <layer enabled="1" class="SimpleLine" locked="1" pass="0">
        <prop v="flat" k="capstyle"/>
        <prop v="5;2" k="customdash"/>
        <prop v="3x:0,0,0,0,0,0" k="customdash_map_unit_scale"/>
        <prop v="MM" k="customdash_unit"/>
        <prop v="0" k="draw_inside_polygon"/>
        <prop v="miter" k="joinstyle"/>
        <prop v="76,115,0,255" k="line_color"/>
        <prop v="solid" k="line_style"/>
        <prop v="2.5" k="line_width"/>
        <prop v="Point" k="line_width_unit"/>
        <prop v="0" k="offset"/>
        <prop v="3x:0,0,0,0,0,0" k="offset_map_unit_scale"/>
        <prop v="Point" k="offset_unit"/>
        <prop v="0" k="ring_filter"/>
        <prop v="0" k="use_custom_dash"/>
        <prop v="3x:0,0,0,0,0,0" k="width_map_unit_scale"/>
        <data_defined_properties>
          <Option type="Map">
            <Option name="name" value="" type="QString"/>
            <Option name="properties"/>
            <Option name="type" value="collection" type="QString"/>
          </Option>
        </data_defined_properties>
      </layer>
      <layer enabled="1" class="SimpleLine" locked="1" pass="0">
        <prop v="flat" k="capstyle"/>
        <prop v="5;2" k="customdash"/>
        <prop v="3x:0,0,0,0,0,0" k="customdash_map_unit_scale"/>
        <prop v="MM" k="customdash_unit"/>
        <prop v="0" k="draw_inside_polygon"/>
        <prop v="miter" k="joinstyle"/>
        <prop v="152,230,0,255" k="line_color"/>
        <prop v="solid" k="line_style"/>
        <prop v="1.25" k="line_width"/>
        <prop v="Point" k="line_width_unit"/>
        <prop v="0" k="offset"/>
        <prop v="3x:0,0,0,0,0,0" k="offset_map_unit_scale"/>
        <prop v="Point" k="offset_unit"/>
        <prop v="0" k="ring_filter"/>
        <prop v="0" k="use_custom_dash"/>
        <prop v="3x:0,0,0,0,0,0" k="width_map_unit_scale"/>
        <data_defined_properties>
          <Option type="Map">
            <Option name="name" value="" type="QString"/>
            <Option name="properties"/>
            <Option name="type" value="collection" type="QString"/>
          </Option>
        </data_defined_properties>
      </layer>
    </symbol>
    <symbol clip_to_extent="1" tags="hsv,green,simple" alpha="1" force_rhr="0" name="TreatmentPlant" type="fill">
      <layer enabled="1" class="SimpleFill" locked="0" pass="0">
        <prop v="3x:0,0,0,0,0,0" k="border_width_map_unit_scale"/>
        <prop v="119,156,93,255" k="color"/>
        <prop v="miter" k="joinstyle"/>
        <prop v="0,0" k="offset"/>
        <prop v="3x:0,0,0,0,0,0" k="offset_map_unit_scale"/>
        <prop v="MM" k="offset_unit"/>
        <prop v="0,0,0,255" k="outline_color"/>
        <prop v="solid" k="outline_style"/>
        <prop v="0.1" k="outline_width"/>
        <prop v="Point" k="outline_width_unit"/>
        <prop v="solid" k="style"/>
        <data_defined_properties>
          <Option type="Map">
            <Option name="name" value="" type="QString"/>
            <Option name="properties"/>
            <Option name="type" value="collection" type="QString"/>
          </Option>
        </data_defined_properties>
      </layer>
    </symbol>
    <symbol clip_to_extent="1" tags="multilayer,black" alpha="1" force_rhr="0" name="Tunnel" type="line">
      <layer enabled="1" class="SimpleLine" locked="0" pass="0">
        <prop v="flat" k="capstyle"/>
        <prop v="5;2" k="customdash"/>
        <prop v="3x:0,0,0,0,0,0" k="customdash_map_unit_scale"/>
        <prop v="MM" k="customdash_unit"/>
        <prop v="0" k="draw_inside_polygon"/>
        <prop v="round" k="joinstyle"/>
        <prop v="0,0,0,255" k="line_color"/>
        <prop v="solid" k="line_style"/>
        <prop v="3" k="line_width"/>
        <prop v="Point" k="line_width_unit"/>
        <prop v="0" k="offset"/>
        <prop v="3x:0,0,0,0,0,0" k="offset_map_unit_scale"/>
        <prop v="Point" k="offset_unit"/>
        <prop v="0" k="ring_filter"/>
        <prop v="0" k="use_custom_dash"/>
        <prop v="3x:0,0,0,0,0,0" k="width_map_unit_scale"/>
        <data_defined_properties>
          <Option type="Map">
            <Option name="name" value="" type="QString"/>
            <Option name="properties"/>
            <Option name="type" value="collection" type="QString"/>
          </Option>
        </data_defined_properties>
      </layer>
      <layer enabled="1" class="SimpleLine" locked="1" pass="0">
        <prop v="flat" k="capstyle"/>
        <prop v="5;5" k="customdash"/>
        <prop v="3x:0,0,0,0,0,0" k="customdash_map_unit_scale"/>
        <prop v="Point" k="customdash_unit"/>
        <prop v="0" k="draw_inside_polygon"/>
        <prop v="round" k="joinstyle"/>
        <prop v="199,215,158,255" k="line_color"/>
        <prop v="solid" k="line_style"/>
        <prop v="2" k="line_width"/>
        <prop v="Point" k="line_width_unit"/>
        <prop v="0" k="offset"/>
        <prop v="3x:0,0,0,0,0,0" k="offset_map_unit_scale"/>
        <prop v="Point" k="offset_unit"/>
        <prop v="0" k="ring_filter"/>
        <prop v="1" k="use_custom_dash"/>
        <prop v="3x:0,0,0,0,0,0" k="width_map_unit_scale"/>
        <data_defined_properties>
          <Option type="Map">
            <Option name="name" value="" type="QString"/>
            <Option name="properties"/>
            <Option name="type" value="collection" type="QString"/>
          </Option>
        </data_defined_properties>
      </layer>
    </symbol>
    <symbol clip_to_extent="1" tags="yellow,simple" alpha="1" force_rhr="0" name="UndergroundEnclosure - Default" type="fill">
      <layer enabled="1" class="SimpleFill" locked="0" pass="0">
        <prop v="3x:0,0,0,0,0,0" k="border_width_map_unit_scale"/>
        <prop v="238,241,160,255" k="color"/>
        <prop v="bevel" k="joinstyle"/>
        <prop v="0,0" k="offset"/>
        <prop v="3x:0,0,0,0,0,0" k="offset_map_unit_scale"/>
        <prop v="MM" k="offset_unit"/>
        <prop v="35,35,35,255" k="outline_color"/>
        <prop v="no" k="outline_style"/>
        <prop v="0.26" k="outline_width"/>
        <prop v="MM" k="outline_width_unit"/>
        <prop v="solid" k="style"/>
        <data_defined_properties>
          <Option type="Map">
            <Option name="name" value="" type="QString"/>
            <Option name="properties"/>
            <Option name="type" value="collection" type="QString"/>
          </Option>
        </data_defined_properties>
      </layer>
      <layer enabled="1" class="SimpleLine" locked="0" pass="0">
        <prop v="flat" k="capstyle"/>
        <prop v="5;2" k="customdash"/>
        <prop v="3x:0,0,0,0,0,0" k="customdash_map_unit_scale"/>
        <prop v="MM" k="customdash_unit"/>
        <prop v="0" k="draw_inside_polygon"/>
        <prop v="miter" k="joinstyle"/>
        <prop v="0,0,0,255" k="line_color"/>
        <prop v="solid" k="line_style"/>
        <prop v="0.4" k="line_width"/>
        <prop v="Point" k="line_width_unit"/>
        <prop v="0" k="offset"/>
        <prop v="3x:0,0,0,0,0,0" k="offset_map_unit_scale"/>
        <prop v="Point" k="offset_unit"/>
        <prop v="0" k="ring_filter"/>
        <prop v="0" k="use_custom_dash"/>
        <prop v="3x:0,0,0,0,0,0" k="width_map_unit_scale"/>
        <data_defined_properties>
          <Option type="Map">
            <Option name="name" value="" type="QString"/>
            <Option name="properties"/>
            <Option name="type" value="collection" type="QString"/>
          </Option>
        </data_defined_properties>
      </layer>
    </symbol>
    <symbol clip_to_extent="1" tags="multilayer,pink" alpha="1" force_rhr="0" name="Vacuum" type="line">
      <layer enabled="1" class="SimpleLine" locked="0" pass="0">
        <prop v="square" k="capstyle"/>
        <prop v="5;2" k="customdash"/>
        <prop v="3x:0,0,0,0,0,0" k="customdash_map_unit_scale"/>
        <prop v="MM" k="customdash_unit"/>
        <prop v="0" k="draw_inside_polygon"/>
        <prop v="bevel" k="joinstyle"/>
        <prop v="230,0,169,255" k="line_color"/>
        <prop v="solid" k="line_style"/>
        <prop v="2" k="line_width"/>
        <prop v="Point" k="line_width_unit"/>
        <prop v="0" k="offset"/>
        <prop v="3x:0,0,0,0,0,0" k="offset_map_unit_scale"/>
        <prop v="MM" k="offset_unit"/>
        <prop v="0" k="ring_filter"/>
        <prop v="0" k="use_custom_dash"/>
        <prop v="3x:0,0,0,0,0,0" k="width_map_unit_scale"/>
        <data_defined_properties>
          <Option type="Map">
            <Option name="name" value="" type="QString"/>
            <Option name="properties"/>
            <Option name="type" value="collection" type="QString"/>
          </Option>
        </data_defined_properties>
      </layer>
      <layer enabled="1" class="SimpleLine" locked="1" pass="0">
        <prop v="square" k="capstyle"/>
        <prop v="5;2" k="customdash"/>
        <prop v="3x:0,0,0,0,0,0" k="customdash_map_unit_scale"/>
        <prop v="MM" k="customdash_unit"/>
        <prop v="0" k="draw_inside_polygon"/>
        <prop v="bevel" k="joinstyle"/>
        <prop v="255,255,255,255" k="line_color"/>
        <prop v="solid" k="line_style"/>
        <prop v="0.7" k="line_width"/>
        <prop v="Point" k="line_width_unit"/>
        <prop v="0" k="offset"/>
        <prop v="3x:0,0,0,0,0,0" k="offset_map_unit_scale"/>
        <prop v="MM" k="offset_unit"/>
        <prop v="0" k="ring_filter"/>
        <prop v="0" k="use_custom_dash"/>
        <prop v="3x:0,0,0,0,0,0" k="width_map_unit_scale"/>
        <data_defined_properties>
          <Option type="Map">
            <Option name="name" value="" type="QString"/>
            <Option name="properties"/>
            <Option name="type" value="collection" type="QString"/>
          </Option>
        </data_defined_properties>
      </layer>
    </symbol>
    <symbol clip_to_extent="1" tags="hsv,orange,simple" alpha="1" force_rhr="0" name="ValveVault" type="fill">
      <layer enabled="1" class="SimpleFill" locked="0" pass="0">
        <prop v="3x:0,0,0,0,0,0" k="border_width_map_unit_scale"/>
        <prop v="250,236,200,255" k="color"/>
        <prop v="bevel" k="joinstyle"/>
        <prop v="0,0" k="offset"/>
        <prop v="3x:0,0,0,0,0,0" k="offset_map_unit_scale"/>
        <prop v="MM" k="offset_unit"/>
        <prop v="0,0,0,255" k="outline_color"/>
        <prop v="solid" k="outline_style"/>
        <prop v="0.5" k="outline_width"/>
        <prop v="Point" k="outline_width_unit"/>
        <prop v="solid" k="style"/>
        <data_defined_properties>
          <Option type="Map">
            <Option name="name" value="" type="QString"/>
            <Option name="properties"/>
            <Option name="type" value="collection" type="QString"/>
          </Option>
        </data_defined_properties>
      </layer>
    </symbol>
    <symbol clip_to_extent="1" tags="hsv,yellow,simple" alpha="1" force_rhr="0" name="Vault" type="fill">
      <layer enabled="1" class="SimpleFill" locked="0" pass="0">
        <prop v="3x:0,0,0,0,0,0" k="border_width_map_unit_scale"/>
        <prop v="178,169,70,255" k="color"/>
        <prop v="bevel" k="joinstyle"/>
        <prop v="0,0" k="offset"/>
        <prop v="3x:0,0,0,0,0,0" k="offset_map_unit_scale"/>
        <prop v="MM" k="offset_unit"/>
        <prop v="0,0,0,255" k="outline_color"/>
        <prop v="solid" k="outline_style"/>
        <prop v="0.5" k="outline_width"/>
        <prop v="Point" k="outline_width_unit"/>
        <prop v="solid" k="style"/>
        <data_defined_properties>
          <Option type="Map">
            <Option name="name" value="" type="QString"/>
            <Option name="properties"/>
            <Option name="type" value="collection" type="QString"/>
          </Option>
        </data_defined_properties>
      </layer>
    </symbol>
    <symbol clip_to_extent="1" tags="yellow,simple" alpha="1" force_rhr="0" name="WaterStructure - Default" type="fill">
      <layer enabled="1" class="SimpleFill" locked="0" pass="0">
        <prop v="3x:0,0,0,0,0,0" k="border_width_map_unit_scale"/>
        <prop v="205,205,102,255" k="color"/>
        <prop v="bevel" k="joinstyle"/>
        <prop v="0,0" k="offset"/>
        <prop v="3x:0,0,0,0,0,0" k="offset_map_unit_scale"/>
        <prop v="MM" k="offset_unit"/>
        <prop v="35,35,35,255" k="outline_color"/>
        <prop v="no" k="outline_style"/>
        <prop v="0.26" k="outline_width"/>
        <prop v="MM" k="outline_width_unit"/>
        <prop v="solid" k="style"/>
        <data_defined_properties>
          <Option type="Map">
            <Option name="name" value="" type="QString"/>
            <Option name="properties"/>
            <Option name="type" value="collection" type="QString"/>
          </Option>
        </data_defined_properties>
      </layer>
      <layer enabled="1" class="SimpleLine" locked="0" pass="0">
        <prop v="square" k="capstyle"/>
        <prop v="5;2" k="customdash"/>
        <prop v="3x:0,0,0,0,0,0" k="customdash_map_unit_scale"/>
        <prop v="MM" k="customdash_unit"/>
        <prop v="0" k="draw_inside_polygon"/>
        <prop v="miter" k="joinstyle"/>
        <prop v="0,0,0,255" k="line_color"/>
        <prop v="solid" k="line_style"/>
        <prop v="0.1" k="line_width"/>
        <prop v="Point" k="line_width_unit"/>
        <prop v="0" k="offset"/>
        <prop v="3x:0,0,0,0,0,0" k="offset_map_unit_scale"/>
        <prop v="Point" k="offset_unit"/>
        <prop v="0" k="ring_filter"/>
        <prop v="0" k="use_custom_dash"/>
        <prop v="3x:0,0,0,0,0,0" k="width_map_unit_scale"/>
        <data_defined_properties>
          <Option type="Map">
            <Option name="name" value="" type="QString"/>
            <Option name="properties"/>
            <Option name="type" value="collection" type="QString"/>
          </Option>
        </data_defined_properties>
      </layer>
    </symbol>
  </symbols>
  <colorramps/>
</qgis_style>
